i,n_swapped,n_kinases_to_ATP,n_ligases_to_ATP,swapped,n_compounds,n_reactions,R00200,R01523,R06836,R01053,R04144,R04208,R04463,R04591,R06974,R06975
0,0,0,0,,4315,12534,0,0,0,0,0,0,0,0,0,0
1,1,1,0,R00200,4315,12534,1,0,0,0,0,0,0,0,0,0
2,1,1,0,R01523,4315,12534,0,1,0,0,0,0,0,0,0,0
3,1,1,0,R06836,4315,12534,0,0,1,0,0,0,0,0,0,0
4,1,0,1,R01053,4315,12534,0,0,0,1,0,0,0,0,0,0
5,1,0,1,R04144,437,1257,0,0,0,0,1,0,0,0,0,0
6,1,0,1,R04208,440,1263,0,0,0,0,0,1,0,0,0,0
7,1,0,1,R04463,439,1261,0,0,0,0,0,0,1,0,0,0
8,1,0,1,R04591,443,1269,0,0,0,0,0,0,0,1,0,0
9,1,0,1,R06974,438,1259,0,0,0,0,0,0,0,0,1,0
10,1,0,1,R06975,446,1275,0,0,0,0,0,0,0,0,0,1
11,2,2,0,"R00200,R01523",4315,12534,1,1,0,0,0,0,0,0,0,0
12,2,2,0,"R00200,R06836",4315,12534,1,0,1,0,0,0,0,0,0,0
13,2,1,1,"R00200,R01053",4315,12534,1,0,0,1,0,0,0,0,0,0
14,2,1,1,"R00200,R04144",437,1253,1,0,0,0,1,0,0,0,0,0
15,2,1,1,"R00200,R04208",440,1259,1,0,0,0,0,1,0,0,0,0
16,2,1,1,"R00200,R04463",439,1257,1,0,0,0,0,0,1,0,0,0
17,2,1,1,"R00200,R04591",443,1265,1,0,0,0,0,0,0,1,0,0
18,2,1,1,"R00200,R06974",438,1255,1,0,0,0,0,0,0,0,1,0
19,2,1,1,"R00200,R06975",446,1271,1,0,0,0,0,0,0,0,0,1
20,2,2,0,"R01523,R06836",4315,12534,0,1,1,0,0,0,0,0,0,0
21,2,1,1,"R01523,R01053",4315,12534,0,1,0,1,0,0,0,0,0,0
22,2,1,1,"R01523,R04144",437,1253,0,1,0,0,1,0,0,0,0,0
23,2,1,1,"R01523,R04208",440,1259,0,1,0,0,0,1,0,0,0,0
24,2,1,1,"R01523,R04463",439,1257,0,1,0,0,0,0,1,0,0,0
25,2,1,1,"R01523,R04591",443,1265,0,1,0,0,0,0,0,1,0,0
26,2,1,1,"R01523,R06974",438,1255,0,1,0,0,0,0,0,0,1,0
27,2,1,1,"R01523,R06975",446,1271,0,1,0,0,0,0,0,0,0,1
28,2,1,1,"R06836,R01053",429,1214,0,0,1,1,0,0,0,0,0,0
29,2,1,1,"R06836,R04144",437,1255,0,0,1,0,1,0,0,0,0,0
30,2,1,1,"R06836,R04208",440,1261,0,0,1,0,0,1,0,0,0,0
31,2,1,1,"R06836,R04463",439,1259,0,0,1,0,0,0,1,0,0,0
32,2,1,1,"R06836,R04591",443,1267,0,0,1,0,0,0,0,1,0,0
33,2,1,1,"R06836,R06974",438,1257,0,0,1,0,0,0,0,0,1,0
34,2,1,1,"R06836,R06975",446,1273,0,0,1,0,0,0,0,0,0,1
35,2,0,2,"R01053,R04144",437,1255,0,0,0,1,1,0,0,0,0,0
36,2,0,2,"R01053,R04208",440,1261,0,0,0,1,0,1,0,0,0,0
37,2,0,2,"R01053,R04463",439,1259,0,0,0,1,0,0,1,0,0,0
38,2,0,2,"R01053,R04591",443,1267,0,0,0,1,0,0,0,1,0,0
39,2,0,2,"R01053,R06974",438,1257,0,0,0,1,0,0,0,0,1,0
40,2,0,2,"R01053,R06975",446,1273,0,0,0,1,0,0,0,0,0,1
41,2,0,2,"R04144,R04208",437,1257,0,0,0,0,1,1,0,0,0,0
42,2,0,2,"R04144,R04463",437,1257,0,0,0,0,1,0,1,0,0,0
43,2,0,2,"R04144,R04591",437,1257,0,0,0,0,1,0,0,1,0,0
44,2,0,2,"R04144,R06974",437,1257,0,0,0,0,1,0,0,0,1,0
45,2,0,2,"R04144,R06975",437,1257,0,0,0,0,1,0,0,0,0,1
46,2,0,2,"R04208,R04463",439,1261,0,0,0,0,0,1,1,0,0,0
47,2,0,2,"R04208,R04591",440,1263,0,0,0,0,0,1,0,1,0,0
48,2,0,2,"R04208,R06974",438,1259,0,0,0,0,0,1,0,0,1,0
49,2,0,2,"R04208,R06975",440,1263,0,0,0,0,0,1,0,0,0,1
50,2,0,2,"R04463,R04591",439,1261,0,0,0,0,0,0,1,1,0,0
51,2,0,2,"R04463,R06974",438,1259,0,0,0,0,0,0,1,0,1,0
52,2,0,2,"R04463,R06975",439,1261,0,0,0,0,0,0,1,0,0,1
53,2,0,2,"R04591,R06974",438,1259,0,0,0,0,0,0,0,1,1,0
54,2,0,2,"R04591,R06975",443,1269,0,0,0,0,0,0,0,1,0,1
55,2,0,2,"R06974,R06975",438,1259,0,0,0,0,0,0,0,0,1,1
56,3,3,0,"R00200,R01523,R06836",4315,12534,1,1,1,0,0,0,0,0,0,0
57,3,2,1,"R00200,R01523,R01053",4315,12534,1,1,0,1,0,0,0,0,0,0
58,3,2,1,"R00200,R01523,R04144",437,1249,1,1,0,0,1,0,0,0,0,0
59,3,2,1,"R00200,R01523,R04208",440,1255,1,1,0,0,0,1,0,0,0,0
60,3,2,1,"R00200,R01523,R04463",439,1253,1,1,0,0,0,0,1,0,0,0
61,3,2,1,"R00200,R01523,R04591",443,1261,1,1,0,0,0,0,0,1,0,0
62,3,2,1,"R00200,R01523,R06974",438,1251,1,1,0,0,0,0,0,0,1,0
63,3,2,1,"R00200,R01523,R06975",446,1267,1,1,0,0,0,0,0,0,0,1
64,3,2,1,"R00200,R06836,R01053",429,1210,1,0,1,1,0,0,0,0,0,0
65,3,2,1,"R00200,R06836,R04144",437,1251,1,0,1,0,1,0,0,0,0,0
66,3,2,1,"R00200,R06836,R04208",440,1257,1,0,1,0,0,1,0,0,0,0
67,3,2,1,"R00200,R06836,R04463",439,1255,1,0,1,0,0,0,1,0,0,0
68,3,2,1,"R00200,R06836,R04591",443,1263,1,0,1,0,0,0,0,1,0,0
69,3,2,1,"R00200,R06836,R06974",438,1253,1,0,1,0,0,0,0,0,1,0
70,3,2,1,"R00200,R06836,R06975",446,1269,1,0,1,0,0,0,0,0,0,1
71,3,1,2,"R00200,R01053,R04144",437,1251,1,0,0,1,1,0,0,0,0,0
72,3,1,2,"R00200,R01053,R04208",440,1257,1,0,0,1,0,1,0,0,0,0
73,3,1,2,"R00200,R01053,R04463",439,1255,1,0,0,1,0,0,1,0,0,0
74,3,1,2,"R00200,R01053,R04591",443,1263,1,0,0,1,0,0,0,1,0,0
75,3,1,2,"R00200,R01053,R06974",438,1253,1,0,0,1,0,0,0,0,1,0
76,3,1,2,"R00200,R01053,R06975",446,1269,1,0,0,1,0,0,0,0,0,1
77,3,1,2,"R00200,R04144,R04208",437,1253,1,0,0,0,1,1,0,0,0,0
78,3,1,2,"R00200,R04144,R04463",437,1253,1,0,0,0,1,0,1,0,0,0
79,3,1,2,"R00200,R04144,R04591",437,1253,1,0,0,0,1,0,0,1,0,0
80,3,1,2,"R00200,R04144,R06974",437,1253,1,0,0,0,1,0,0,0,1,0
81,3,1,2,"R00200,R04144,R06975",437,1253,1,0,0,0,1,0,0,0,0,1
82,3,1,2,"R00200,R04208,R04463",439,1257,1,0,0,0,0,1,1,0,0,0
83,3,1,2,"R00200,R04208,R04591",440,1259,1,0,0,0,0,1,0,1,0,0
84,3,1,2,"R00200,R04208,R06974",438,1255,1,0,0,0,0,1,0,0,1,0
85,3,1,2,"R00200,R04208,R06975",440,1259,1,0,0,0,0,1,0,0,0,1
86,3,1,2,"R00200,R04463,R04591",439,1257,1,0,0,0,0,0,1,1,0,0
87,3,1,2,"R00200,R04463,R06974",438,1255,1,0,0,0,0,0,1,0,1,0
88,3,1,2,"R00200,R04463,R06975",439,1257,1,0,0,0,0,0,1,0,0,1
89,3,1,2,"R00200,R04591,R06974",438,1255,1,0,0,0,0,0,0,1,1,0
90,3,1,2,"R00200,R04591,R06975",443,1265,1,0,0,0,0,0,0,1,0,1
91,3,1,2,"R00200,R06974,R06975",438,1255,1,0,0,0,0,0,0,0,1,1
92,3,2,1,"R01523,R06836,R01053",429,1210,0,1,1,1,0,0,0,0,0,0
93,3,2,1,"R01523,R06836,R04144",437,1251,0,1,1,0,1,0,0,0,0,0
94,3,2,1,"R01523,R06836,R04208",440,1257,0,1,1,0,0,1,0,0,0,0
95,3,2,1,"R01523,R06836,R04463",439,1255,0,1,1,0,0,0,1,0,0,0
96,3,2,1,"R01523,R06836,R04591",443,1263,0,1,1,0,0,0,0,1,0,0
97,3,2,1,"R01523,R06836,R06974",438,1253,0,1,1,0,0,0,0,0,1,0
98,3,2,1,"R01523,R06836,R06975",446,1269,0,1,1,0,0,0,0,0,0,1
99,3,1,2,"R01523,R01053,R04144",437,1251,0,1,0,1,1,0,0,0,0,0
100,3,1,2,"R01523,R01053,R04208",440,1257,0,1,0,1,0,1,0,0,0,0
101,3,1,2,"R01523,R01053,R04463",439,1255,0,1,0,1,0,0,1,0,0,0
102,3,1,2,"R01523,R01053,R04591",443,1263,0,1,0,1,0,0,0,1,0,0
103,3,1,2,"R01523,R01053,R06974",438,1253,0,1,0,1,0,0,0,0,1,0
104,3,1,2,"R01523,R01053,R06975",446,1269,0,1,0,1,0,0,0,0,0,1
105,3,1,2,"R01523,R04144,R04208",437,1253,0,1,0,0,1,1,0,0,0,0
106,3,1,2,"R01523,R04144,R04463",437,1253,0,1,0,0,1,0,1,0,0,0
107,3,1,2,"R01523,R04144,R04591",437,1253,0,1,0,0,1,0,0,1,0,0
108,3,1,2,"R01523,R04144,R06974",437,1253,0,1,0,0,1,0,0,0,1,0
109,3,1,2,"R01523,R04144,R06975",437,1253,0,1,0,0,1,0,0,0,0,1
110,3,1,2,"R01523,R04208,R04463",439,1257,0,1,0,0,0,1,1,0,0,0
111,3,1,2,"R01523,R04208,R04591",440,1259,0,1,0,0,0,1,0,1,0,0
112,3,1,2,"R01523,R04208,R06974",438,1255,0,1,0,0,0,1,0,0,1,0
113,3,1,2,"R01523,R04208,R06975",440,1259,0,1,0,0,0,1,0,0,0,1
114,3,1,2,"R01523,R04463,R04591",439,1257,0,1,0,0,0,0,1,1,0,0
115,3,1,2,"R01523,R04463,R06974",438,1255,0,1,0,0,0,0,1,0,1,0
116,3,1,2,"R01523,R04463,R06975",439,1257,0,1,0,0,0,0,1,0,0,1
117,3,1,2,"R01523,R04591,R06974",438,1255,0,1,0,0,0,0,0,1,1,0
118,3,1,2,"R01523,R04591,R06975",443,1265,0,1,0,0,0,0,0,1,0,1
119,3,1,2,"R01523,R06974,R06975",438,1255,0,1,0,0,0,0,0,0,1,1
120,3,1,2,"R06836,R01053,R04144",429,1214,0,0,1,1,1,0,0,0,0,0
121,3,1,2,"R06836,R01053,R04208",429,1214,0,0,1,1,0,1,0,0,0,0
122,3,1,2,"R06836,R01053,R04463",429,1214,0,0,1,1,0,0,1,0,0,0
123,3,1,2,"R06836,R01053,R04591",429,1214,0,0,1,1,0,0,0,1,0,0
124,3,1,2,"R06836,R01053,R06974",429,1214,0,0,1,1,0,0,0,0,1,0
125,3,1,2,"R06836,R01053,R06975",429,1214,0,0,1,1,0,0,0,0,0,1
126,3,1,2,"R06836,R04144,R04208",437,1255,0,0,1,0,1,1,0,0,0,0
127,3,1,2,"R06836,R04144,R04463",437,1255,0,0,1,0,1,0,1,0,0,0
128,3,1,2,"R06836,R04144,R04591",437,1255,0,0,1,0,1,0,0,1,0,0
129,3,1,2,"R06836,R04144,R06974",437,1255,0,0,1,0,1,0,0,0,1,0
130,3,1,2,"R06836,R04144,R06975",437,1255,0,0,1,0,1,0,0,0,0,1
131,3,1,2,"R06836,R04208,R04463",439,1259,0,0,1,0,0,1,1,0,0,0
132,3,1,2,"R06836,R04208,R04591",440,1261,0,0,1,0,0,1,0,1,0,0
133,3,1,2,"R06836,R04208,R06974",438,1257,0,0,1,0,0,1,0,0,1,0
134,3,1,2,"R06836,R04208,R06975",440,1261,0,0,1,0,0,1,0,0,0,1
135,3,1,2,"R06836,R04463,R04591",439,1259,0,0,1,0,0,0,1,1,0,0
136,3,1,2,"R06836,R04463,R06974",438,1257,0,0,1,0,0,0,1,0,1,0
137,3,1,2,"R06836,R04463,R06975",439,1259,0,0,1,0,0,0,1,0,0,1
138,3,1,2,"R06836,R04591,R06974",438,1257,0,0,1,0,0,0,0,1,1,0
139,3,1,2,"R06836,R04591,R06975",443,1267,0,0,1,0,0,0,0,1,0,1
140,3,1,2,"R06836,R06974,R06975",438,1257,0,0,1,0,0,0,0,0,1,1
141,3,0,3,"R01053,R04144,R04208",437,1255,0,0,0,1,1,1,0,0,0,0
142,3,0,3,"R01053,R04144,R04463",437,1255,0,0,0,1,1,0,1,0,0,0
143,3,0,3,"R01053,R04144,R04591",437,1255,0,0,0,1,1,0,0,1,0,0
144,3,0,3,"R01053,R04144,R06974",437,1255,0,0,0,1,1,0,0,0,1,0
145,3,0,3,"R01053,R04144,R06975",437,1255,0,0,0,1,1,0,0,0,0,1
146,3,0,3,"R01053,R04208,R04463",439,1259,0,0,0,1,0,1,1,0,0,0
147,3,0,3,"R01053,R04208,R04591",440,1261,0,0,0,1,0,1,0,1,0,0
148,3,0,3,"R01053,R04208,R06974",438,1257,0,0,0,1,0,1,0,0,1,0
149,3,0,3,"R01053,R04208,R06975",440,1261,0,0,0,1,0,1,0,0,0,1
150,3,0,3,"R01053,R04463,R04591",439,1259,0,0,0,1,0,0,1,1,0,0
151,3,0,3,"R01053,R04463,R06974",438,1257,0,0,0,1,0,0,1,0,1,0
152,3,0,3,"R01053,R04463,R06975",439,1259,0,0,0,1,0,0,1,0,0,1
153,3,0,3,"R01053,R04591,R06974",438,1257,0,0,0,1,0,0,0,1,1,0
154,3,0,3,"R01053,R04591,R06975",443,1267,0,0,0,1,0,0,0,1,0,1
155,3,0,3,"R01053,R06974,R06975",438,1257,0,0,0,1,0,0,0,0,1,1
156,3,0,3,"R04144,R04208,R04463",437,1257,0,0,0,0,1,1,1,0,0,0
157,3,0,3,"R04144,R04208,R04591",437,1257,0,0,0,0,1,1,0,1,0,0
158,3,0,3,"R04144,R04208,R06974",437,1257,0,0,0,0,1,1,0,0,1,0
159,3,0,3,"R04144,R04208,R06975",437,1257,0,0,0,0,1,1,0,0,0,1
160,3,0,3,"R04144,R04463,R04591",437,1257,0,0,0,0,1,0,1,1,0,0
161,3,0,3,"R04144,R04463,R06974",437,1257,0,0,0,0,1,0,1,0,1,0
162,3,0,3,"R04144,R04463,R06975",437,1257,0,0,0,0,1,0,1,0,0,1
163,3,0,3,"R04144,R04591,R06974",437,1257,0,0,0,0,1,0,0,1,1,0
164,3,0,3,"R04144,R04591,R06975",437,1257,0,0,0,0,1,0,0,1,0,1
165,3,0,3,"R04144,R06974,R06975",437,1257,0,0,0,0,1,0,0,0,1,1
166,3,0,3,"R04208,R04463,R04591",439,1261,0,0,0,0,0,1,1,1,0,0
167,3,0,3,"R04208,R04463,R06974",438,1259,0,0,0,0,0,1,1,0,1,0
168,3,0,3,"R04208,R04463,R06975",439,1261,0,0,0,0,0,1,1,0,0,1
169,3,0,3,"R04208,R04591,R06974",438,1259,0,0,0,0,0,1,0,1,1,0
170,3,0,3,"R04208,R04591,R06975",440,1263,0,0,0,0,0,1,0,1,0,1
171,3,0,3,"R04208,R06974,R06975",438,1259,0,0,0,0,0,1,0,0,1,1
172,3,0,3,"R04463,R04591,R06974",438,1259,0,0,0,0,0,0,1,1,1,0
173,3,0,3,"R04463,R04591,R06975",439,1261,0,0,0,0,0,0,1,1,0,1
174,3,0,3,"R04463,R06974,R06975",438,1259,0,0,0,0,0,0,1,0,1,1
175,3,0,3,"R04591,R06974,R06975",438,1259,0,0,0,0,0,0,0,1,1,1
176,4,3,1,"R00200,R01523,R06836,R01053",429,1206,1,1,1,1,0,0,0,0,0,0
177,4,3,1,"R00200,R01523,R06836,R04144",437,1247,1,1,1,0,1,0,0,0,0,0
178,4,3,1,"R00200,R01523,R06836,R04208",440,1253,1,1,1,0,0,1,0,0,0,0
179,4,3,1,"R00200,R01523,R06836,R04463",439,1251,1,1,1,0,0,0,1,0,0,0
180,4,3,1,"R00200,R01523,R06836,R04591",443,1259,1,1,1,0,0,0,0,1,0,0
181,4,3,1,"R00200,R01523,R06836,R06974",438,1249,1,1,1,0,0,0,0,0,1,0
182,4,3,1,"R00200,R01523,R06836,R06975",446,1265,1,1,1,0,0,0,0,0,0,1
183,4,2,2,"R00200,R01523,R01053,R04144",437,1247,1,1,0,1,1,0,0,0,0,0
184,4,2,2,"R00200,R01523,R01053,R04208",440,1253,1,1,0,1,0,1,0,0,0,0
185,4,2,2,"R00200,R01523,R01053,R04463",439,1251,1,1,0,1,0,0,1,0,0,0
186,4,2,2,"R00200,R01523,R01053,R04591",443,1259,1,1,0,1,0,0,0,1,0,0
187,4,2,2,"R00200,R01523,R01053,R06974",438,1249,1,1,0,1,0,0,0,0,1,0
188,4,2,2,"R00200,R01523,R01053,R06975",446,1265,1,1,0,1,0,0,0,0,0,1
189,4,2,2,"R00200,R01523,R04144,R04208",437,1249,1,1,0,0,1,1,0,0,0,0
190,4,2,2,"R00200,R01523,R04144,R04463",437,1249,1,1,0,0,1,0,1,0,0,0
191,4,2,2,"R00200,R01523,R04144,R04591",437,1249,1,1,0,0,1,0,0,1,0,0
192,4,2,2,"R00200,R01523,R04144,R06974",437,1249,1,1,0,0,1,0,0,0,1,0
193,4,2,2,"R00200,R01523,R04144,R06975",437,1249,1,1,0,0,1,0,0,0,0,1
194,4,2,2,"R00200,R01523,R04208,R04463",439,1253,1,1,0,0,0,1,1,0,0,0
195,4,2,2,"R00200,R01523,R04208,R04591",440,1255,1,1,0,0,0,1,0,1,0,0
196,4,2,2,"R00200,R01523,R04208,R06974",438,1251,1,1,0,0,0,1,0,0,1,0
197,4,2,2,"R00200,R01523,R04208,R06975",440,1255,1,1,0,0,0,1,0,0,0,1
198,4,2,2,"R00200,R01523,R04463,R04591",439,1253,1,1,0,0,0,0,1,1,0,0
199,4,2,2,"R00200,R01523,R04463,R06974",438,1251,1,1,0,0,0,0,1,0,1,0
200,4,2,2,"R00200,R01523,R04463,R06975",439,1253,1,1,0,0,0,0,1,0,0,1
201,4,2,2,"R00200,R01523,R04591,R06974",438,1251,1,1,0,0,0,0,0,1,1,0
202,4,2,2,"R00200,R01523,R04591,R06975",443,1261,1,1,0,0,0,0,0,1,0,1
203,4,2,2,"R00200,R01523,R06974,R06975",438,1251,1,1,0,0,0,0,0,0,1,1
204,4,2,2,"R00200,R06836,R01053,R04144",429,1210,1,0,1,1,1,0,0,0,0,0
205,4,2,2,"R00200,R06836,R01053,R04208",429,1210,1,0,1,1,0,1,0,0,0,0
206,4,2,2,"R00200,R06836,R01053,R04463",429,1210,1,0,1,1,0,0,1,0,0,0
207,4,2,2,"R00200,R06836,R01053,R04591",429,1210,1,0,1,1,0,0,0,1,0,0
208,4,2,2,"R00200,R06836,R01053,R06974",429,1210,1,0,1,1,0,0,0,0,1,0
209,4,2,2,"R00200,R06836,R01053,R06975",429,1210,1,0,1,1,0,0,0,0,0,1
210,4,2,2,"R00200,R06836,R04144,R04208",437,1251,1,0,1,0,1,1,0,0,0,0
211,4,2,2,"R00200,R06836,R04144,R04463",437,1251,1,0,1,0,1,0,1,0,0,0
212,4,2,2,"R00200,R06836,R04144,R04591",437,1251,1,0,1,0,1,0,0,1,0,0
213,4,2,2,"R00200,R06836,R04144,R06974",437,1251,1,0,1,0,1,0,0,0,1,0
214,4,2,2,"R00200,R06836,R04144,R06975",437,1251,1,0,1,0,1,0,0,0,0,1
215,4,2,2,"R00200,R06836,R04208,R04463",439,1255,1,0,1,0,0,1,1,0,0,0
216,4,2,2,"R00200,R06836,R04208,R04591",440,1257,1,0,1,0,0,1,0,1,0,0
217,4,2,2,"R00200,R06836,R04208,R06974",438,1253,1,0,1,0,0,1,0,0,1,0
218,4,2,2,"R00200,R06836,R04208,R06975",440,1257,1,0,1,0,0,1,0,0,0,1
219,4,2,2,"R00200,R06836,R04463,R04591",439,1255,1,0,1,0,0,0,1,1,0,0
220,4,2,2,"R00200,R06836,R04463,R06974",438,1253,1,0,1,0,0,0,1,0,1,0
221,4,2,2,"R00200,R06836,R04463,R06975",439,1255,1,0,1,0,0,0,1,0,0,1
222,4,2,2,"R00200,R06836,R04591,R06974",438,1253,1,0,1,0,0,0,0,1,1,0
223,4,2,2,"R00200,R06836,R04591,R06975",443,1263,1,0,1,0,0,0,0,1,0,1
224,4,2,2,"R00200,R06836,R06974,R06975",438,1253,1,0,1,0,0,0,0,0,1,1
225,4,1,3,"R00200,R01053,R04144,R04208",437,1251,1,0,0,1,1,1,0,0,0,0
226,4,1,3,"R00200,R01053,R04144,R04463",437,1251,1,0,0,1,1,0,1,0,0,0
227,4,1,3,"R00200,R01053,R04144,R04591",437,1251,1,0,0,1,1,0,0,1,0,0
228,4,1,3,"R00200,R01053,R04144,R06974",437,1251,1,0,0,1,1,0,0,0,1,0
229,4,1,3,"R00200,R01053,R04144,R06975",437,1251,1,0,0,1,1,0,0,0,0,1
230,4,1,3,"R00200,R01053,R04208,R04463",439,1255,1,0,0,1,0,1,1,0,0,0
231,4,1,3,"R00200,R01053,R04208,R04591",440,1257,1,0,0,1,0,1,0,1,0,0
232,4,1,3,"R00200,R01053,R04208,R06974",438,1253,1,0,0,1,0,1,0,0,1,0
233,4,1,3,"R00200,R01053,R04208,R06975",440,1257,1,0,0,1,0,1,0,0,0,1
234,4,1,3,"R00200,R01053,R04463,R04591",439,1255,1,0,0,1,0,0,1,1,0,0
235,4,1,3,"R00200,R01053,R04463,R06974",438,1253,1,0,0,1,0,0,1,0,1,0
236,4,1,3,"R00200,R01053,R04463,R06975",439,1255,1,0,0,1,0,0,1,0,0,1
237,4,1,3,"R00200,R01053,R04591,R06974",438,1253,1,0,0,1,0,0,0,1,1,0
238,4,1,3,"R00200,R01053,R04591,R06975",443,1263,1,0,0,1,0,0,0,1,0,1
239,4,1,3,"R00200,R01053,R06974,R06975",438,1253,1,0,0,1,0,0,0,0,1,1
240,4,1,3,"R00200,R04144,R04208,R04463",437,1253,1,0,0,0,1,1,1,0,0,0
241,4,1,3,"R00200,R04144,R04208,R04591",437,1253,1,0,0,0,1,1,0,1,0,0
242,4,1,3,"R00200,R04144,R04208,R06974",437,1253,1,0,0,0,1,1,0,0,1,0
243,4,1,3,"R00200,R04144,R04208,R06975",437,1253,1,0,0,0,1,1,0,0,0,1
244,4,1,3,"R00200,R04144,R04463,R04591",437,1253,1,0,0,0,1,0,1,1,0,0
245,4,1,3,"R00200,R04144,R04463,R06974",437,1253,1,0,0,0,1,0,1,0,1,0
246,4,1,3,"R00200,R04144,R04463,R06975",437,1253,1,0,0,0,1,0,1,0,0,1
247,4,1,3,"R00200,R04144,R04591,R06974",437,1253,1,0,0,0,1,0,0,1,1,0
248,4,1,3,"R00200,R04144,R04591,R06975",437,1253,1,0,0,0,1,0,0,1,0,1
249,4,1,3,"R00200,R04144,R06974,R06975",437,1253,1,0,0,0,1,0,0,0,1,1
250,4,1,3,"R00200,R04208,R04463,R04591",439,1257,1,0,0,0,0,1,1,1,0,0
251,4,1,3,"R00200,R04208,R04463,R06974",438,1255,1,0,0,0,0,1,1,0,1,0
252,4,1,3,"R00200,R04208,R04463,R06975",439,1257,1,0,0,0,0,1,1,0,0,1
253,4,1,3,"R00200,R04208,R04591,R06974",438,1255,1,0,0,0,0,1,0,1,1,0
254,4,1,3,"R00200,R04208,R04591,R06975",440,1259,1,0,0,0,0,1,0,1,0,1
255,4,1,3,"R00200,R04208,R06974,R06975",438,1255,1,0,0,0,0,1,0,0,1,1
256,4,1,3,"R00200,R04463,R04591,R06974",438,1255,1,0,0,0,0,0,1,1,1,0
257,4,1,3,"R00200,R04463,R04591,R06975",439,1257,1,0,0,0,0,0,1,1,0,1
258,4,1,3,"R00200,R04463,R06974,R06975",438,1255,1,0,0,0,0,0,1,0,1,1
259,4,1,3,"R00200,R04591,R06974,R06975",438,1255,1,0,0,0,0,0,0,1,1,1
260,4,2,2,"R01523,R06836,R01053,R04144",429,1210,0,1,1,1,1,0,0,0,0,0
261,4,2,2,"R01523,R06836,R01053,R04208",429,1210,0,1,1,1,0,1,0,0,0,0
262,4,2,2,"R01523,R06836,R01053,R04463",429,1210,0,1,1,1,0,0,1,0,0,0
263,4,2,2,"R01523,R06836,R01053,R04591",429,1210,0,1,1,1,0,0,0,1,0,0
264,4,2,2,"R01523,R06836,R01053,R06974",429,1210,0,1,1,1,0,0,0,0,1,0
265,4,2,2,"R01523,R06836,R01053,R06975",429,1210,0,1,1,1,0,0,0,0,0,1
266,4,2,2,"R01523,R06836,R04144,R04208",437,1251,0,1,1,0,1,1,0,0,0,0
267,4,2,2,"R01523,R06836,R04144,R04463",437,1251,0,1,1,0,1,0,1,0,0,0
268,4,2,2,"R01523,R06836,R04144,R04591",437,1251,0,1,1,0,1,0,0,1,0,0
269,4,2,2,"R01523,R06836,R04144,R06974",437,1251,0,1,1,0,1,0,0,0,1,0
270,4,2,2,"R01523,R06836,R04144,R06975",437,1251,0,1,1,0,1,0,0,0,0,1
271,4,2,2,"R01523,R06836,R04208,R04463",439,1255,0,1,1,0,0,1,1,0,0,0
272,4,2,2,"R01523,R06836,R04208,R04591",440,1257,0,1,1,0,0,1,0,1,0,0
273,4,2,2,"R01523,R06836,R04208,R06974",438,1253,0,1,1,0,0,1,0,0,1,0
274,4,2,2,"R01523,R06836,R04208,R06975",440,1257,0,1,1,0,0,1,0,0,0,1
275,4,2,2,"R01523,R06836,R04463,R04591",439,1255,0,1,1,0,0,0,1,1,0,0
276,4,2,2,"R01523,R06836,R04463,R06974",438,1253,0,1,1,0,0,0,1,0,1,0
277,4,2,2,"R01523,R06836,R04463,R06975",439,1255,0,1,1,0,0,0,1,0,0,1
278,4,2,2,"R01523,R06836,R04591,R06974",438,1253,0,1,1,0,0,0,0,1,1,0
279,4,2,2,"R01523,R06836,R04591,R06975",443,1263,0,1,1,0,0,0,0,1,0,1
280,4,2,2,"R01523,R06836,R06974,R06975",438,1253,0,1,1,0,0,0,0,0,1,1
281,4,1,3,"R01523,R01053,R04144,R04208",437,1251,0,1,0,1,1,1,0,0,0,0
282,4,1,3,"R01523,R01053,R04144,R04463",437,1251,0,1,0,1,1,0,1,0,0,0
283,4,1,3,"R01523,R01053,R04144,R04591",437,1251,0,1,0,1,1,0,0,1,0,0
284,4,1,3,"R01523,R01053,R04144,R06974",437,1251,0,1,0,1,1,0,0,0,1,0
285,4,1,3,"R01523,R01053,R04144,R06975",437,1251,0,1,0,1,1,0,0,0,0,1
286,4,1,3,"R01523,R01053,R04208,R04463",439,1255,0,1,0,1,0,1,1,0,0,0
287,4,1,3,"R01523,R01053,R04208,R04591",440,1257,0,1,0,1,0,1,0,1,0,0
288,4,1,3,"R01523,R01053,R04208,R06974",438,1253,0,1,0,1,0,1,0,0,1,0
289,4,1,3,"R01523,R01053,R04208,R06975",440,1257,0,1,0,1,0,1,0,0,0,1
290,4,1,3,"R01523,R01053,R04463,R04591",439,1255,0,1,0,1,0,0,1,1,0,0
291,4,1,3,"R01523,R01053,R04463,R06974",438,1253,0,1,0,1,0,0,1,0,1,0
292,4,1,3,"R01523,R01053,R04463,R06975",439,1255,0,1,0,1,0,0,1,0,0,1
293,4,1,3,"R01523,R01053,R04591,R06974",438,1253,0,1,0,1,0,0,0,1,1,0
294,4,1,3,"R01523,R01053,R04591,R06975",443,1263,0,1,0,1,0,0,0,1,0,1
295,4,1,3,"R01523,R01053,R06974,R06975",438,1253,0,1,0,1,0,0,0,0,1,1
296,4,1,3,"R01523,R04144,R04208,R04463",437,1253,0,1,0,0,1,1,1,0,0,0
297,4,1,3,"R01523,R04144,R04208,R04591",437,1253,0,1,0,0,1,1,0,1,0,0
298,4,1,3,"R01523,R04144,R04208,R06974",437,1253,0,1,0,0,1,1,0,0,1,0
299,4,1,3,"R01523,R04144,R04208,R06975",437,1253,0,1,0,0,1,1,0,0,0,1
300,4,1,3,"R01523,R04144,R04463,R04591",437,1253,0,1,0,0,1,0,1,1,0,0
301,4,1,3,"R01523,R04144,R04463,R06974",437,1253,0,1,0,0,1,0,1,0,1,0
302,4,1,3,"R01523,R04144,R04463,R06975",437,1253,0,1,0,0,1,0,1,0,0,1
303,4,1,3,"R01523,R04144,R04591,R06974",437,1253,0,1,0,0,1,0,0,1,1,0
304,4,1,3,"R01523,R04144,R04591,R06975",437,1253,0,1,0,0,1,0,0,1,0,1
305,4,1,3,"R01523,R04144,R06974,R06975",437,1253,0,1,0,0,1,0,0,0,1,1
306,4,1,3,"R01523,R04208,R04463,R04591",439,1257,0,1,0,0,0,1,1,1,0,0
307,4,1,3,"R01523,R04208,R04463,R06974",438,1255,0,1,0,0,0,1,1,0,1,0
308,4,1,3,"R01523,R04208,R04463,R06975",439,1257,0,1,0,0,0,1,1,0,0,1
309,4,1,3,"R01523,R04208,R04591,R06974",438,1255,0,1,0,0,0,1,0,1,1,0
310,4,1,3,"R01523,R04208,R04591,R06975",440,1259,0,1,0,0,0,1,0,1,0,1
311,4,1,3,"R01523,R04208,R06974,R06975",438,1255,0,1,0,0,0,1,0,0,1,1
312,4,1,3,"R01523,R04463,R04591,R06974",438,1255,0,1,0,0,0,0,1,1,1,0
313,4,1,3,"R01523,R04463,R04591,R06975",439,1257,0,1,0,0,0,0,1,1,0,1
314,4,1,3,"R01523,R04463,R06974,R06975",438,1255,0,1,0,0,0,0,1,0,1,1
315,4,1,3,"R01523,R04591,R06974,R06975",438,1255,0,1,0,0,0,0,0,1,1,1
316,4,1,3,"R06836,R01053,R04144,R04208",429,1214,0,0,1,1,1,1,0,0,0,0
317,4,1,3,"R06836,R01053,R04144,R04463",429,1214,0,0,1,1,1,0,1,0,0,0
318,4,1,3,"R06836,R01053,R04144,R04591",429,1214,0,0,1,1,1,0,0,1,0,0
319,4,1,3,"R06836,R01053,R04144,R06974",429,1214,0,0,1,1,1,0,0,0,1,0
320,4,1,3,"R06836,R01053,R04144,R06975",429,1214,0,0,1,1,1,0,0,0,0,1
321,4,1,3,"R06836,R01053,R04208,R04463",429,1214,0,0,1,1,0,1,1,0,0,0
322,4,1,3,"R06836,R01053,R04208,R04591",429,1214,0,0,1,1,0,1,0,1,0,0
323,4,1,3,"R06836,R01053,R04208,R06974",429,1214,0,0,1,1,0,1,0,0,1,0
324,4,1,3,"R06836,R01053,R04208,R06975",429,1214,0,0,1,1,0,1,0,0,0,1
325,4,1,3,"R06836,R01053,R04463,R04591",429,1214,0,0,1,1,0,0,1,1,0,0
326,4,1,3,"R06836,R01053,R04463,R06974",429,1214,0,0,1,1,0,0,1,0,1,0
327,4,1,3,"R06836,R01053,R04463,R06975",429,1214,0,0,1,1,0,0,1,0,0,1
328,4,1,3,"R06836,R01053,R04591,R06974",429,1214,0,0,1,1,0,0,0,1,1,0
329,4,1,3,"R06836,R01053,R04591,R06975",429,1214,0,0,1,1,0,0,0,1,0,1
330,4,1,3,"R06836,R01053,R06974,R06975",429,1214,0,0,1,1,0,0,0,0,1,1
331,4,1,3,"R06836,R04144,R04208,R04463",437,1255,0,0,1,0,1,1,1,0,0,0
332,4,1,3,"R06836,R04144,R04208,R04591",437,1255,0,0,1,0,1,1,0,1,0,0
333,4,1,3,"R06836,R04144,R04208,R06974",437,1255,0,0,1,0,1,1,0,0,1,0
334,4,1,3,"R06836,R04144,R04208,R06975",437,1255,0,0,1,0,1,1,0,0,0,1
335,4,1,3,"R06836,R04144,R04463,R04591",437,1255,0,0,1,0,1,0,1,1,0,0
336,4,1,3,"R06836,R04144,R04463,R06974",437,1255,0,0,1,0,1,0,1,0,1,0
337,4,1,3,"R06836,R04144,R04463,R06975",437,1255,0,0,1,0,1,0,1,0,0,1
338,4,1,3,"R06836,R04144,R04591,R06974",437,1255,0,0,1,0,1,0,0,1,1,0
339,4,1,3,"R06836,R04144,R04591,R06975",437,1255,0,0,1,0,1,0,0,1,0,1
340,4,1,3,"R06836,R04144,R06974,R06975",437,1255,0,0,1,0,1,0,0,0,1,1
341,4,1,3,"R06836,R04208,R04463,R04591",439,1259,0,0,1,0,0,1,1,1,0,0
342,4,1,3,"R06836,R04208,R04463,R06974",438,1257,0,0,1,0,0,1,1,0,1,0
343,4,1,3,"R06836,R04208,R04463,R06975",439,1259,0,0,1,0,0,1,1,0,0,1
344,4,1,3,"R06836,R04208,R04591,R06974",438,1257,0,0,1,0,0,1,0,1,1,0
345,4,1,3,"R06836,R04208,R04591,R06975",440,1261,0,0,1,0,0,1,0,1,0,1
346,4,1,3,"R06836,R04208,R06974,R06975",438,1257,0,0,1,0,0,1,0,0,1,1
347,4,1,3,"R06836,R04463,R04591,R06974",438,1257,0,0,1,0,0,0,1,1,1,0
348,4,1,3,"R06836,R04463,R04591,R06975",439,1259,0,0,1,0,0,0,1,1,0,1
349,4,1,3,"R06836,R04463,R06974,R06975",438,1257,0,0,1,0,0,0,1,0,1,1
350,4,1,3,"R06836,R04591,R06974,R06975",438,1257,0,0,1,0,0,0,0,1,1,1
351,4,0,4,"R01053,R04144,R04208,R04463",437,1255,0,0,0,1,1,1,1,0,0,0
352,4,0,4,"R01053,R04144,R04208,R04591",437,1255,0,0,0,1,1,1,0,1,0,0
353,4,0,4,"R01053,R04144,R04208,R06974",437,1255,0,0,0,1,1,1,0,0,1,0
354,4,0,4,"R01053,R04144,R04208,R06975",437,1255,0,0,0,1,1,1,0,0,0,1
355,4,0,4,"R01053,R04144,R04463,R04591",437,1255,0,0,0,1,1,0,1,1,0,0
356,4,0,4,"R01053,R04144,R04463,R06974",437,1255,0,0,0,1,1,0,1,0,1,0
357,4,0,4,"R01053,R04144,R04463,R06975",437,1255,0,0,0,1,1,0,1,0,0,1
358,4,0,4,"R01053,R04144,R04591,R06974",437,1255,0,0,0,1,1,0,0,1,1,0
359,4,0,4,"R01053,R04144,R04591,R06975",437,1255,0,0,0,1,1,0,0,1,0,1
360,4,0,4,"R01053,R04144,R06974,R06975",437,1255,0,0,0,1,1,0,0,0,1,1
361,4,0,4,"R01053,R04208,R04463,R04591",439,1259,0,0,0,1,0,1,1,1,0,0
362,4,0,4,"R01053,R04208,R04463,R06974",438,1257,0,0,0,1,0,1,1,0,1,0
363,4,0,4,"R01053,R04208,R04463,R06975",439,1259,0,0,0,1,0,1,1,0,0,1
364,4,0,4,"R01053,R04208,R04591,R06974",438,1257,0,0,0,1,0,1,0,1,1,0
365,4,0,4,"R01053,R04208,R04591,R06975",440,1261,0,0,0,1,0,1,0,1,0,1
366,4,0,4,"R01053,R04208,R06974,R06975",438,1257,0,0,0,1,0,1,0,0,1,1
367,4,0,4,"R01053,R04463,R04591,R06974",438,1257,0,0,0,1,0,0,1,1,1,0
368,4,0,4,"R01053,R04463,R04591,R06975",439,1259,0,0,0,1,0,0,1,1,0,1
369,4,0,4,"R01053,R04463,R06974,R06975",438,1257,0,0,0,1,0,0,1,0,1,1
370,4,0,4,"R01053,R04591,R06974,R06975",438,1257,0,0,0,1,0,0,0,1,1,1
371,4,0,4,"R04144,R04208,R04463,R04591",437,1257,0,0,0,0,1,1,1,1,0,0
372,4,0,4,"R04144,R04208,R04463,R06974",437,1257,0,0,0,0,1,1,1,0,1,0
373,4,0,4,"R04144,R04208,R04463,R06975",437,1257,0,0,0,0,1,1,1,0,0,1
374,4,0,4,"R04144,R04208,R04591,R06974",437,1257,0,0,0,0,1,1,0,1,1,0
375,4,0,4,"R04144,R04208,R04591,R06975",437,1257,0,0,0,0,1,1,0,1,0,1
376,4,0,4,"R04144,R04208,R06974,R06975",437,1257,0,0,0,0,1,1,0,0,1,1
377,4,0,4,"R04144,R04463,R04591,R06974",437,1257,0,0,0,0,1,0,1,1,1,0
378,4,0,4,"R04144,R04463,R04591,R06975",437,1257,0,0,0,0,1,0,1,1,0,1
379,4,0,4,"R04144,R04463,R06974,R06975",437,1257,0,0,0,0,1,0,1,0,1,1
380,4,0,4,"R04144,R04591,R06974,R06975",437,1257,0,0,0,0,1,0,0,1,1,1
381,4,0,4,"R04208,R04463,R04591,R06974",438,1259,0,0,0,0,0,1,1,1,1,0
382,4,0,4,"R04208,R04463,R04591,R06975",439,1261,0,0,0,0,0,1,1,1,0,1
383,4,0,4,"R04208,R04463,R06974,R06975",438,1259,0,0,0,0,0,1,1,0,1,1
384,4,0,4,"R04208,R04591,R06974,R06975",438,1259,0,0,0,0,0,1,0,1,1,1
385,4,0,4,"R04463,R04591,R06974,R06975",438,1259,0,0,0,0,0,0,1,1,1,1
386,5,3,2,"R00200,R01523,R06836,R01053,R04144",429,1206,1,1,1,1,1,0,0,0,0,0
387,5,3,2,"R00200,R01523,R06836,R01053,R04208",429,1206,1,1,1,1,0,1,0,0,0,0
388,5,3,2,"R00200,R01523,R06836,R01053,R04463",429,1206,1,1,1,1,0,0,1,0,0,0
389,5,3,2,"R00200,R01523,R06836,R01053,R04591",429,1206,1,1,1,1,0,0,0,1,0,0
390,5,3,2,"R00200,R01523,R06836,R01053,R06974",429,1206,1,1,1,1,0,0,0,0,1,0
391,5,3,2,"R00200,R01523,R06836,R01053,R06975",429,1206,1,1,1,1,0,0,0,0,0,1
392,5,3,2,"R00200,R01523,R06836,R04144,R04208",437,1247,1,1,1,0,1,1,0,0,0,0
393,5,3,2,"R00200,R01523,R06836,R04144,R04463",437,1247,1,1,1,0,1,0,1,0,0,0
394,5,3,2,"R00200,R01523,R06836,R04144,R04591",437,1247,1,1,1,0,1,0,0,1,0,0
395,5,3,2,"R00200,R01523,R06836,R04144,R06974",437,1247,1,1,1,0,1,0,0,0,1,0
396,5,3,2,"R00200,R01523,R06836,R04144,R06975",437,1247,1,1,1,0,1,0,0,0,0,1
397,5,3,2,"R00200,R01523,R06836,R04208,R04463",439,1251,1,1,1,0,0,1,1,0,0,0
398,5,3,2,"R00200,R01523,R06836,R04208,R04591",440,1253,1,1,1,0,0,1,0,1,0,0
399,5,3,2,"R00200,R01523,R06836,R04208,R06974",438,1249,1,1,1,0,0,1,0,0,1,0
400,5,3,2,"R00200,R01523,R06836,R04208,R06975",440,1253,1,1,1,0,0,1,0,0,0,1
401,5,3,2,"R00200,R01523,R06836,R04463,R04591",439,1251,1,1,1,0,0,0,1,1,0,0
402,5,3,2,"R00200,R01523,R06836,R04463,R06974",438,1249,1,1,1,0,0,0,1,0,1,0
403,5,3,2,"R00200,R01523,R06836,R04463,R06975",439,1251,1,1,1,0,0,0,1,0,0,1
404,5,3,2,"R00200,R01523,R06836,R04591,R06974",438,1249,1,1,1,0,0,0,0,1,1,0
405,5,3,2,"R00200,R01523,R06836,R04591,R06975",443,1259,1,1,1,0,0,0,0,1,0,1
406,5,3,2,"R00200,R01523,R06836,R06974,R06975",438,1249,1,1,1,0,0,0,0,0,1,1
407,5,2,3,"R00200,R01523,R01053,R04144,R04208",437,1247,1,1,0,1,1,1,0,0,0,0
408,5,2,3,"R00200,R01523,R01053,R04144,R04463",437,1247,1,1,0,1,1,0,1,0,0,0
409,5,2,3,"R00200,R01523,R01053,R04144,R04591",437,1247,1,1,0,1,1,0,0,1,0,0
410,5,2,3,"R00200,R01523,R01053,R04144,R06974",437,1247,1,1,0,1,1,0,0,0,1,0
411,5,2,3,"R00200,R01523,R01053,R04144,R06975",437,1247,1,1,0,1,1,0,0,0,0,1
412,5,2,3,"R00200,R01523,R01053,R04208,R04463",439,1251,1,1,0,1,0,1,1,0,0,0
413,5,2,3,"R00200,R01523,R01053,R04208,R04591",440,1253,1,1,0,1,0,1,0,1,0,0
414,5,2,3,"R00200,R01523,R01053,R04208,R06974",438,1249,1,1,0,1,0,1,0,0,1,0
415,5,2,3,"R00200,R01523,R01053,R04208,R06975",440,1253,1,1,0,1,0,1,0,0,0,1
416,5,2,3,"R00200,R01523,R01053,R04463,R04591",439,1251,1,1,0,1,0,0,1,1,0,0
417,5,2,3,"R00200,R01523,R01053,R04463,R06974",438,1249,1,1,0,1,0,0,1,0,1,0
418,5,2,3,"R00200,R01523,R01053,R04463,R06975",439,1251,1,1,0,1,0,0,1,0,0,1
419,5,2,3,"R00200,R01523,R01053,R04591,R06974",438,1249,1,1,0,1,0,0,0,1,1,0
420,5,2,3,"R00200,R01523,R01053,R04591,R06975",443,1259,1,1,0,1,0,0,0,1,0,1
421,5,2,3,"R00200,R01523,R01053,R06974,R06975",438,1249,1,1,0,1,0,0,0,0,1,1
422,5,2,3,"R00200,R01523,R04144,R04208,R04463",437,1249,1,1,0,0,1,1,1,0,0,0
423,5,2,3,"R00200,R01523,R04144,R04208,R04591",437,1249,1,1,0,0,1,1,0,1,0,0
424,5,2,3,"R00200,R01523,R04144,R04208,R06974",437,1249,1,1,0,0,1,1,0,0,1,0
425,5,2,3,"R00200,R01523,R04144,R04208,R06975",437,1249,1,1,0,0,1,1,0,0,0,1
426,5,2,3,"R00200,R01523,R04144,R04463,R04591",437,1249,1,1,0,0,1,0,1,1,0,0
427,5,2,3,"R00200,R01523,R04144,R04463,R06974",437,1249,1,1,0,0,1,0,1,0,1,0
428,5,2,3,"R00200,R01523,R04144,R04463,R06975",437,1249,1,1,0,0,1,0,1,0,0,1
429,5,2,3,"R00200,R01523,R04144,R04591,R06974",437,1249,1,1,0,0,1,0,0,1,1,0
430,5,2,3,"R00200,R01523,R04144,R04591,R06975",437,1249,1,1,0,0,1,0,0,1,0,1
431,5,2,3,"R00200,R01523,R04144,R06974,R06975",437,1249,1,1,0,0,1,0,0,0,1,1
432,5,2,3,"R00200,R01523,R04208,R04463,R04591",439,1253,1,1,0,0,0,1,1,1,0,0
433,5,2,3,"R00200,R01523,R04208,R04463,R06974",438,1251,1,1,0,0,0,1,1,0,1,0
434,5,2,3,"R00200,R01523,R04208,R04463,R06975",439,1253,1,1,0,0,0,1,1,0,0,1
435,5,2,3,"R00200,R01523,R04208,R04591,R06974",438,1251,1,1,0,0,0,1,0,1,1,0
436,5,2,3,"R00200,R01523,R04208,R04591,R06975",440,1255,1,1,0,0,0,1,0,1,0,1
437,5,2,3,"R00200,R01523,R04208,R06974,R06975",438,1251,1,1,0,0,0,1,0,0,1,1
438,5,2,3,"R00200,R01523,R04463,R04591,R06974",438,1251,1,1,0,0,0,0,1,1,1,0
439,5,2,3,"R00200,R01523,R04463,R04591,R06975",439,1253,1,1,0,0,0,0,1,1,0,1
440,5,2,3,"R00200,R01523,R04463,R06974,R06975",438,1251,1,1,0,0,0,0,1,0,1,1
441,5,2,3,"R00200,R01523,R04591,R06974,R06975",438,1251,1,1,0,0,0,0,0,1,1,1
442,5,2,3,"R00200,R06836,R01053,R04144,R04208",429,1210,1,0,1,1,1,1,0,0,0,0
443,5,2,3,"R00200,R06836,R01053,R04144,R04463",429,1210,1,0,1,1,1,0,1,0,0,0
444,5,2,3,"R00200,R06836,R01053,R04144,R04591",429,1210,1,0,1,1,1,0,0,1,0,0
445,5,2,3,"R00200,R06836,R01053,R04144,R06974",429,1210,1,0,1,1,1,0,0,0,1,0
446,5,2,3,"R00200,R06836,R01053,R04144,R06975",429,1210,1,0,1,1,1,0,0,0,0,1
447,5,2,3,"R00200,R06836,R01053,R04208,R04463",429,1210,1,0,1,1,0,1,1,0,0,0
448,5,2,3,"R00200,R06836,R01053,R04208,R04591",429,1210,1,0,1,1,0,1,0,1,0,0
449,5,2,3,"R00200,R06836,R01053,R04208,R06974",429,1210,1,0,1,1,0,1,0,0,1,0
450,5,2,3,"R00200,R06836,R01053,R04208,R06975",429,1210,1,0,1,1,0,1,0,0,0,1
451,5,2,3,"R00200,R06836,R01053,R04463,R04591",429,1210,1,0,1,1,0,0,1,1,0,0
452,5,2,3,"R00200,R06836,R01053,R04463,R06974",429,1210,1,0,1,1,0,0,1,0,1,0
453,5,2,3,"R00200,R06836,R01053,R04463,R06975",429,1210,1,0,1,1,0,0,1,0,0,1
454,5,2,3,"R00200,R06836,R01053,R04591,R06974",429,1210,1,0,1,1,0,0,0,1,1,0
455,5,2,3,"R00200,R06836,R01053,R04591,R06975",429,1210,1,0,1,1,0,0,0,1,0,1
456,5,2,3,"R00200,R06836,R01053,R06974,R06975",429,1210,1,0,1,1,0,0,0,0,1,1
457,5,2,3,"R00200,R06836,R04144,R04208,R04463",437,1251,1,0,1,0,1,1,1,0,0,0
458,5,2,3,"R00200,R06836,R04144,R04208,R04591",437,1251,1,0,1,0,1,1,0,1,0,0
459,5,2,3,"R00200,R06836,R04144,R04208,R06974",437,1251,1,0,1,0,1,1,0,0,1,0
460,5,2,3,"R00200,R06836,R04144,R04208,R06975",437,1251,1,0,1,0,1,1,0,0,0,1
461,5,2,3,"R00200,R06836,R04144,R04463,R04591",437,1251,1,0,1,0,1,0,1,1,0,0
462,5,2,3,"R00200,R06836,R04144,R04463,R06974",437,1251,1,0,1,0,1,0,1,0,1,0
463,5,2,3,"R00200,R06836,R04144,R04463,R06975",437,1251,1,0,1,0,1,0,1,0,0,1
464,5,2,3,"R00200,R06836,R04144,R04591,R06974",437,1251,1,0,1,0,1,0,0,1,1,0
465,5,2,3,"R00200,R06836,R04144,R04591,R06975",437,1251,1,0,1,0,1,0,0,1,0,1
466,5,2,3,"R00200,R06836,R04144,R06974,R06975",437,1251,1,0,1,0,1,0,0,0,1,1
467,5,2,3,"R00200,R06836,R04208,R04463,R04591",439,1255,1,0,1,0,0,1,1,1,0,0
468,5,2,3,"R00200,R06836,R04208,R04463,R06974",438,1253,1,0,1,0,0,1,1,0,1,0
469,5,2,3,"R00200,R06836,R04208,R04463,R06975",439,1255,1,0,1,0,0,1,1,0,0,1
470,5,2,3,"R00200,R06836,R04208,R04591,R06974",438,1253,1,0,1,0,0,1,0,1,1,0
471,5,2,3,"R00200,R06836,R04208,R04591,R06975",440,1257,1,0,1,0,0,1,0,1,0,1
472,5,2,3,"R00200,R06836,R04208,R06974,R06975",438,1253,1,0,1,0,0,1,0,0,1,1
473,5,2,3,"R00200,R06836,R04463,R04591,R06974",438,1253,1,0,1,0,0,0,1,1,1,0
474,5,2,3,"R00200,R06836,R04463,R04591,R06975",439,1255,1,0,1,0,0,0,1,1,0,1
475,5,2,3,"R00200,R06836,R04463,R06974,R06975",438,1253,1,0,1,0,0,0,1,0,1,1
476,5,2,3,"R00200,R06836,R04591,R06974,R06975",438,1253,1,0,1,0,0,0,0,1,1,1
477,5,1,4,"R00200,R01053,R04144,R04208,R04463",437,1251,1,0,0,1,1,1,1,0,0,0
478,5,1,4,"R00200,R01053,R04144,R04208,R04591",437,1251,1,0,0,1,1,1,0,1,0,0
479,5,1,4,"R00200,R01053,R04144,R04208,R06974",437,1251,1,0,0,1,1,1,0,0,1,0
480,5,1,4,"R00200,R01053,R04144,R04208,R06975",437,1251,1,0,0,1,1,1,0,0,0,1
481,5,1,4,"R00200,R01053,R04144,R04463,R04591",437,1251,1,0,0,1,1,0,1,1,0,0
482,5,1,4,"R00200,R01053,R04144,R04463,R06974",437,1251,1,0,0,1,1,0,1,0,1,0
483,5,1,4,"R00200,R01053,R04144,R04463,R06975",437,1251,1,0,0,1,1,0,1,0,0,1
484,5,1,4,"R00200,R01053,R04144,R04591,R06974",437,1251,1,0,0,1,1,0,0,1,1,0
485,5,1,4,"R00200,R01053,R04144,R04591,R06975",437,1251,1,0,0,1,1,0,0,1,0,1
486,5,1,4,"R00200,R01053,R04144,R06974,R06975",437,1251,1,0,0,1,1,0,0,0,1,1
487,5,1,4,"R00200,R01053,R04208,R04463,R04591",439,1255,1,0,0,1,0,1,1,1,0,0
488,5,1,4,"R00200,R01053,R04208,R04463,R06974",438,1253,1,0,0,1,0,1,1,0,1,0
489,5,1,4,"R00200,R01053,R04208,R04463,R06975",439,1255,1,0,0,1,0,1,1,0,0,1
490,5,1,4,"R00200,R01053,R04208,R04591,R06974",438,1253,1,0,0,1,0,1,0,1,1,0
491,5,1,4,"R00200,R01053,R04208,R04591,R06975",440,1257,1,0,0,1,0,1,0,1,0,1
492,5,1,4,"R00200,R01053,R04208,R06974,R06975",438,1253,1,0,0,1,0,1,0,0,1,1
493,5,1,4,"R00200,R01053,R04463,R04591,R06974",438,1253,1,0,0,1,0,0,1,1,1,0
494,5,1,4,"R00200,R01053,R04463,R04591,R06975",439,1255,1,0,0,1,0,0,1,1,0,1
495,5,1,4,"R00200,R01053,R04463,R06974,R06975",438,1253,1,0,0,1,0,0,1,0,1,1
496,5,1,4,"R00200,R01053,R04591,R06974,R06975",438,1253,1,0,0,1,0,0,0,1,1,1
497,5,1,4,"R00200,R04144,R04208,R04463,R04591",437,1253,1,0,0,0,1,1,1,1,0,0
498,5,1,4,"R00200,R04144,R04208,R04463,R06974",437,1253,1,0,0,0,1,1,1,0,1,0
499,5,1,4,"R00200,R04144,R04208,R04463,R06975",437,1253,1,0,0,0,1,1,1,0,0,1
500,5,1,4,"R00200,R04144,R04208,R04591,R06974",437,1253,1,0,0,0,1,1,0,1,1,0
501,5,1,4,"R00200,R04144,R04208,R04591,R06975",437,1253,1,0,0,0,1,1,0,1,0,1
502,5,1,4,"R00200,R04144,R04208,R06974,R06975",437,1253,1,0,0,0,1,1,0,0,1,1
503,5,1,4,"R00200,R04144,R04463,R04591,R06974",437,1253,1,0,0,0,1,0,1,1,1,0
504,5,1,4,"R00200,R04144,R04463,R04591,R06975",437,1253,1,0,0,0,1,0,1,1,0,1
505,5,1,4,"R00200,R04144,R04463,R06974,R06975",437,1253,1,0,0,0,1,0,1,0,1,1
506,5,1,4,"R00200,R04144,R04591,R06974,R06975",437,1253,1,0,0,0,1,0,0,1,1,1
507,5,1,4,"R00200,R04208,R04463,R04591,R06974",438,1255,1,0,0,0,0,1,1,1,1,0
508,5,1,4,"R00200,R04208,R04463,R04591,R06975",439,1257,1,0,0,0,0,1,1,1,0,1
509,5,1,4,"R00200,R04208,R04463,R06974,R06975",438,1255,1,0,0,0,0,1,1,0,1,1
510,5,1,4,"R00200,R04208,R04591,R06974,R06975",438,1255,1,0,0,0,0,1,0,1,1,1
511,5,1,4,"R00200,R04463,R04591,R06974,R06975",438,1255,1,0,0,0,0,0,1,1,1,1
512,5,2,3,"R01523,R06836,R01053,R04144,R04208",429,1210,0,1,1,1,1,1,0,0,0,0
513,5,2,3,"R01523,R06836,R01053,R04144,R04463",429,1210,0,1,1,1,1,0,1,0,0,0
514,5,2,3,"R01523,R06836,R01053,R04144,R04591",429,1210,0,1,1,1,1,0,0,1,0,0
515,5,2,3,"R01523,R06836,R01053,R04144,R06974",429,1210,0,1,1,1,1,0,0,0,1,0
516,5,2,3,"R01523,R06836,R01053,R04144,R06975",429,1210,0,1,1,1,1,0,0,0,0,1
517,5,2,3,"R01523,R06836,R01053,R04208,R04463",429,1210,0,1,1,1,0,1,1,0,0,0
518,5,2,3,"R01523,R06836,R01053,R04208,R04591",429,1210,0,1,1,1,0,1,0,1,0,0
519,5,2,3,"R01523,R06836,R01053,R04208,R06974",429,1210,0,1,1,1,0,1,0,0,1,0
520,5,2,3,"R01523,R06836,R01053,R04208,R06975",429,1210,0,1,1,1,0,1,0,0,0,1
521,5,2,3,"R01523,R06836,R01053,R04463,R04591",429,1210,0,1,1,1,0,0,1,1,0,0
522,5,2,3,"R01523,R06836,R01053,R04463,R06974",429,1210,0,1,1,1,0,0,1,0,1,0
523,5,2,3,"R01523,R06836,R01053,R04463,R06975",429,1210,0,1,1,1,0,0,1,0,0,1
524,5,2,3,"R01523,R06836,R01053,R04591,R06974",429,1210,0,1,1,1,0,0,0,1,1,0
525,5,2,3,"R01523,R06836,R01053,R04591,R06975",429,1210,0,1,1,1,0,0,0,1,0,1
526,5,2,3,"R01523,R06836,R01053,R06974,R06975",429,1210,0,1,1,1,0,0,0,0,1,1
527,5,2,3,"R01523,R06836,R04144,R04208,R04463",437,1251,0,1,1,0,1,1,1,0,0,0
528,5,2,3,"R01523,R06836,R04144,R04208,R04591",437,1251,0,1,1,0,1,1,0,1,0,0
529,5,2,3,"R01523,R06836,R04144,R04208,R06974",437,1251,0,1,1,0,1,1,0,0,1,0
530,5,2,3,"R01523,R06836,R04144,R04208,R06975",437,1251,0,1,1,0,1,1,0,0,0,1
531,5,2,3,"R01523,R06836,R04144,R04463,R04591",437,1251,0,1,1,0,1,0,1,1,0,0
532,5,2,3,"R01523,R06836,R04144,R04463,R06974",437,1251,0,1,1,0,1,0,1,0,1,0
533,5,2,3,"R01523,R06836,R04144,R04463,R06975",437,1251,0,1,1,0,1,0,1,0,0,1
534,5,2,3,"R01523,R06836,R04144,R04591,R06974",437,1251,0,1,1,0,1,0,0,1,1,0
535,5,2,3,"R01523,R06836,R04144,R04591,R06975",437,1251,0,1,1,0,1,0,0,1,0,1
536,5,2,3,"R01523,R06836,R04144,R06974,R06975",437,1251,0,1,1,0,1,0,0,0,1,1
537,5,2,3,"R01523,R06836,R04208,R04463,R04591",439,1255,0,1,1,0,0,1,1,1,0,0
538,5,2,3,"R01523,R06836,R04208,R04463,R06974",438,1253,0,1,1,0,0,1,1,0,1,0
539,5,2,3,"R01523,R06836,R04208,R04463,R06975",439,1255,0,1,1,0,0,1,1,0,0,1
540,5,2,3,"R01523,R06836,R04208,R04591,R06974",438,1253,0,1,1,0,0,1,0,1,1,0
541,5,2,3,"R01523,R06836,R04208,R04591,R06975",440,1257,0,1,1,0,0,1,0,1,0,1
542,5,2,3,"R01523,R06836,R04208,R06974,R06975",438,1253,0,1,1,0,0,1,0,0,1,1
543,5,2,3,"R01523,R06836,R04463,R04591,R06974",438,1253,0,1,1,0,0,0,1,1,1,0
544,5,2,3,"R01523,R06836,R04463,R04591,R06975",439,1255,0,1,1,0,0,0,1,1,0,1
545,5,2,3,"R01523,R06836,R04463,R06974,R06975",438,1253,0,1,1,0,0,0,1,0,1,1
546,5,2,3,"R01523,R06836,R04591,R06974,R06975",438,1253,0,1,1,0,0,0,0,1,1,1
547,5,1,4,"R01523,R01053,R04144,R04208,R04463",437,1251,0,1,0,1,1,1,1,0,0,0
548,5,1,4,"R01523,R01053,R04144,R04208,R04591",437,1251,0,1,0,1,1,1,0,1,0,0
549,5,1,4,"R01523,R01053,R04144,R04208,R06974",437,1251,0,1,0,1,1,1,0,0,1,0
550,5,1,4,"R01523,R01053,R04144,R04208,R06975",437,1251,0,1,0,1,1,1,0,0,0,1
551,5,1,4,"R01523,R01053,R04144,R04463,R04591",437,1251,0,1,0,1,1,0,1,1,0,0
552,5,1,4,"R01523,R01053,R04144,R04463,R06974",437,1251,0,1,0,1,1,0,1,0,1,0
553,5,1,4,"R01523,R01053,R04144,R04463,R06975",437,1251,0,1,0,1,1,0,1,0,0,1
554,5,1,4,"R01523,R01053,R04144,R04591,R06974",437,1251,0,1,0,1,1,0,0,1,1,0
555,5,1,4,"R01523,R01053,R04144,R04591,R06975",437,1251,0,1,0,1,1,0,0,1,0,1
556,5,1,4,"R01523,R01053,R04144,R06974,R06975",437,1251,0,1,0,1,1,0,0,0,1,1
557,5,1,4,"R01523,R01053,R04208,R04463,R04591",439,1255,0,1,0,1,0,1,1,1,0,0
558,5,1,4,"R01523,R01053,R04208,R04463,R06974",438,1253,0,1,0,1,0,1,1,0,1,0
559,5,1,4,"R01523,R01053,R04208,R04463,R06975",439,1255,0,1,0,1,0,1,1,0,0,1
560,5,1,4,"R01523,R01053,R04208,R04591,R06974",438,1253,0,1,0,1,0,1,0,1,1,0
561,5,1,4,"R01523,R01053,R04208,R04591,R06975",440,1257,0,1,0,1,0,1,0,1,0,1
562,5,1,4,"R01523,R01053,R04208,R06974,R06975",438,1253,0,1,0,1,0,1,0,0,1,1
563,5,1,4,"R01523,R01053,R04463,R04591,R06974",438,1253,0,1,0,1,0,0,1,1,1,0
564,5,1,4,"R01523,R01053,R04463,R04591,R06975",439,1255,0,1,0,1,0,0,1,1,0,1
565,5,1,4,"R01523,R01053,R04463,R06974,R06975",438,1253,0,1,0,1,0,0,1,0,1,1
566,5,1,4,"R01523,R01053,R04591,R06974,R06975",438,1253,0,1,0,1,0,0,0,1,1,1
567,5,1,4,"R01523,R04144,R04208,R04463,R04591",437,1253,0,1,0,0,1,1,1,1,0,0
568,5,1,4,"R01523,R04144,R04208,R04463,R06974",437,1253,0,1,0,0,1,1,1,0,1,0
569,5,1,4,"R01523,R04144,R04208,R04463,R06975",437,1253,0,1,0,0,1,1,1,0,0,1
570,5,1,4,"R01523,R04144,R04208,R04591,R06974",437,1253,0,1,0,0,1,1,0,1,1,0
571,5,1,4,"R01523,R04144,R04208,R04591,R06975",437,1253,0,1,0,0,1,1,0,1,0,1
572,5,1,4,"R01523,R04144,R04208,R06974,R06975",437,1253,0,1,0,0,1,1,0,0,1,1
573,5,1,4,"R01523,R04144,R04463,R04591,R06974",437,1253,0,1,0,0,1,0,1,1,1,0
574,5,1,4,"R01523,R04144,R04463,R04591,R06975",437,1253,0,1,0,0,1,0,1,1,0,1
575,5,1,4,"R01523,R04144,R04463,R06974,R06975",437,1253,0,1,0,0,1,0,1,0,1,1
576,5,1,4,"R01523,R04144,R04591,R06974,R06975",437,1253,0,1,0,0,1,0,0,1,1,1
577,5,1,4,"R01523,R04208,R04463,R04591,R06974",438,1255,0,1,0,0,0,1,1,1,1,0
578,5,1,4,"R01523,R04208,R04463,R04591,R06975",439,1257,0,1,0,0,0,1,1,1,0,1
579,5,1,4,"R01523,R04208,R04463,R06974,R06975",438,1255,0,1,0,0,0,1,1,0,1,1
580,5,1,4,"R01523,R04208,R04591,R06974,R06975",438,1255,0,1,0,0,0,1,0,1,1,1
581,5,1,4,"R01523,R04463,R04591,R06974,R06975",438,1255,0,1,0,0,0,0,1,1,1,1
582,5,1,4,"R06836,R01053,R04144,R04208,R04463",429,1214,0,0,1,1,1,1,1,0,0,0
583,5,1,4,"R06836,R01053,R04144,R04208,R04591",429,1214,0,0,1,1,1,1,0,1,0,0
584,5,1,4,"R06836,R01053,R04144,R04208,R06974",429,1214,0,0,1,1,1,1,0,0,1,0
585,5,1,4,"R06836,R01053,R04144,R04208,R06975",429,1214,0,0,1,1,1,1,0,0,0,1
586,5,1,4,"R06836,R01053,R04144,R04463,R04591",429,1214,0,0,1,1,1,0,1,1,0,0
587,5,1,4,"R06836,R01053,R04144,R04463,R06974",429,1214,0,0,1,1,1,0,1,0,1,0
588,5,1,4,"R06836,R01053,R04144,R04463,R06975",429,1214,0,0,1,1,1,0,1,0,0,1
589,5,1,4,"R06836,R01053,R04144,R04591,R06974",429,1214,0,0,1,1,1,0,0,1,1,0
590,5,1,4,"R06836,R01053,R04144,R04591,R06975",429,1214,0,0,1,1,1,0,0,1,0,1
591,5,1,4,"R06836,R01053,R04144,R06974,R06975",429,1214,0,0,1,1,1,0,0,0,1,1
592,5,1,4,"R06836,R01053,R04208,R04463,R04591",429,1214,0,0,1,1,0,1,1,1,0,0
593,5,1,4,"R06836,R01053,R04208,R04463,R06974",429,1214,0,0,1,1,0,1,1,0,1,0
594,5,1,4,"R06836,R01053,R04208,R04463,R06975",429,1214,0,0,1,1,0,1,1,0,0,1
595,5,1,4,"R06836,R01053,R04208,R04591,R06974",429,1214,0,0,1,1,0,1,0,1,1,0
596,5,1,4,"R06836,R01053,R04208,R04591,R06975",429,1214,0,0,1,1,0,1,0,1,0,1
597,5,1,4,"R06836,R01053,R04208,R06974,R06975",429,1214,0,0,1,1,0,1,0,0,1,1
598,5,1,4,"R06836,R01053,R04463,R04591,R06974",429,1214,0,0,1,1,0,0,1,1,1,0
599,5,1,4,"R06836,R01053,R04463,R04591,R06975",429,1214,0,0,1,1,0,0,1,1,0,1
600,5,1,4,"R06836,R01053,R04463,R06974,R06975",429,1214,0,0,1,1,0,0,1,0,1,1
601,5,1,4,"R06836,R01053,R04591,R06974,R06975",429,1214,0,0,1,1,0,0,0,1,1,1
602,5,1,4,"R06836,R04144,R04208,R04463,R04591",437,1255,0,0,1,0,1,1,1,1,0,0
603,5,1,4,"R06836,R04144,R04208,R04463,R06974",437,1255,0,0,1,0,1,1,1,0,1,0
604,5,1,4,"R06836,R04144,R04208,R04463,R06975",437,1255,0,0,1,0,1,1,1,0,0,1
605,5,1,4,"R06836,R04144,R04208,R04591,R06974",437,1255,0,0,1,0,1,1,0,1,1,0
606,5,1,4,"R06836,R04144,R04208,R04591,R06975",437,1255,0,0,1,0,1,1,0,1,0,1
607,5,1,4,"R06836,R04144,R04208,R06974,R06975",437,1255,0,0,1,0,1,1,0,0,1,1
608,5,1,4,"R06836,R04144,R04463,R04591,R06974",437,1255,0,0,1,0,1,0,1,1,1,0
609,5,1,4,"R06836,R04144,R04463,R04591,R06975",437,1255,0,0,1,0,1,0,1,1,0,1
610,5,1,4,"R06836,R04144,R04463,R06974,R06975",437,1255,0,0,1,0,1,0,1,0,1,1
611,5,1,4,"R06836,R04144,R04591,R06974,R06975",437,1255,0,0,1,0,1,0,0,1,1,1
612,5,1,4,"R06836,R04208,R04463,R04591,R06974",438,1257,0,0,1,0,0,1,1,1,1,0
613,5,1,4,"R06836,R04208,R04463,R04591,R06975",439,1259,0,0,1,0,0,1,1,1,0,1
614,5,1,4,"R06836,R04208,R04463,R06974,R06975",438,1257,0,0,1,0,0,1,1,0,1,1
615,5,1,4,"R06836,R04208,R04591,R06974,R06975",438,1257,0,0,1,0,0,1,0,1,1,1
616,5,1,4,"R06836,R04463,R04591,R06974,R06975",438,1257,0,0,1,0,0,0,1,1,1,1
617,5,0,5,"R01053,R04144,R04208,R04463,R04591",437,1255,0,0,0,1,1,1,1,1,0,0
618,5,0,5,"R01053,R04144,R04208,R04463,R06974",437,1255,0,0,0,1,1,1,1,0,1,0
619,5,0,5,"R01053,R04144,R04208,R04463,R06975",437,1255,0,0,0,1,1,1,1,0,0,1
620,5,0,5,"R01053,R04144,R04208,R04591,R06974",437,1255,0,0,0,1,1,1,0,1,1,0
621,5,0,5,"R01053,R04144,R04208,R04591,R06975",437,1255,0,0,0,1,1,1,0,1,0,1
622,5,0,5,"R01053,R04144,R04208,R06974,R06975",437,1255,0,0,0,1,1,1,0,0,1,1
623,5,0,5,"R01053,R04144,R04463,R04591,R06974",437,1255,0,0,0,1,1,0,1,1,1,0
624,5,0,5,"R01053,R04144,R04463,R04591,R06975",437,1255,0,0,0,1,1,0,1,1,0,1
625,5,0,5,"R01053,R04144,R04463,R06974,R06975",437,1255,0,0,0,1,1,0,1,0,1,1
626,5,0,5,"R01053,R04144,R04591,R06974,R06975",437,1255,0,0,0,1,1,0,0,1,1,1
627,5,0,5,"R01053,R04208,R04463,R04591,R06974",438,1257,0,0,0,1,0,1,1,1,1,0
628,5,0,5,"R01053,R04208,R04463,R04591,R06975",439,1259,0,0,0,1,0,1,1,1,0,1
629,5,0,5,"R01053,R04208,R04463,R06974,R06975",438,1257,0,0,0,1,0,1,1,0,1,1
630,5,0,5,"R01053,R04208,R04591,R06974,R06975",438,1257,0,0,0,1,0,1,0,1,1,1
631,5,0,5,"R01053,R04463,R04591,R06974,R06975",438,1257,0,0,0,1,0,0,1,1,1,1
632,5,0,5,"R04144,R04208,R04463,R04591,R06974",437,1257,0,0,0,0,1,1,1,1,1,0
633,5,0,5,"R04144,R04208,R04463,R04591,R06975",437,1257,0,0,0,0,1,1,1,1,0,1
634,5,0,5,"R04144,R04208,R04463,R06974,R06975",437,1257,0,0,0,0,1,1,1,0,1,1
635,5,0,5,"R04144,R04208,R04591,R06974,R06975",437,1257,0,0,0,0,1,1,0,1,1,1
636,5,0,5,"R04144,R04463,R04591,R06974,R06975",437,1257,0,0,0,0,1,0,1,1,1,1
637,5,0,5,"R04208,R04463,R04591,R06974,R06975",438,1259,0,0,0,0,0,1,1,1,1,1
638,6,3,3,"R00200,R01523,R06836,R01053,R04144,R04208",429,1206,1,1,1,1,1,1,0,0,0,0
639,6,3,3,"R00200,R01523,R06836,R01053,R04144,R04463",429,1206,1,1,1,1,1,0,1,0,0,0
640,6,3,3,"R00200,R01523,R06836,R01053,R04144,R04591",429,1206,1,1,1,1,1,0,0,1,0,0
641,6,3,3,"R00200,R01523,R06836,R01053,R04144,R06974",429,1206,1,1,1,1,1,0,0,0,1,0
642,6,3,3,"R00200,R01523,R06836,R01053,R04144,R06975",429,1206,1,1,1,1,1,0,0,0,0,1
643,6,3,3,"R00200,R01523,R06836,R01053,R04208,R04463",429,1206,1,1,1,1,0,1,1,0,0,0
644,6,3,3,"R00200,R01523,R06836,R01053,R04208,R04591",429,1206,1,1,1,1,0,1,0,1,0,0
645,6,3,3,"R00200,R01523,R06836,R01053,R04208,R06974",429,1206,1,1,1,1,0,1,0,0,1,0
646,6,3,3,"R00200,R01523,R06836,R01053,R04208,R06975",429,1206,1,1,1,1,0,1,0,0,0,1
647,6,3,3,"R00200,R01523,R06836,R01053,R04463,R04591",429,1206,1,1,1,1,0,0,1,1,0,0
648,6,3,3,"R00200,R01523,R06836,R01053,R04463,R06974",429,1206,1,1,1,1,0,0,1,0,1,0
649,6,3,3,"R00200,R01523,R06836,R01053,R04463,R06975",429,1206,1,1,1,1,0,0,1,0,0,1
650,6,3,3,"R00200,R01523,R06836,R01053,R04591,R06974",429,1206,1,1,1,1,0,0,0,1,1,0
651,6,3,3,"R00200,R01523,R06836,R01053,R04591,R06975",429,1206,1,1,1,1,0,0,0,1,0,1
652,6,3,3,"R00200,R01523,R06836,R01053,R06974,R06975",429,1206,1,1,1,1,0,0,0,0,1,1
653,6,3,3,"R00200,R01523,R06836,R04144,R04208,R04463",437,1247,1,1,1,0,1,1,1,0,0,0
654,6,3,3,"R00200,R01523,R06836,R04144,R04208,R04591",437,1247,1,1,1,0,1,1,0,1,0,0
655,6,3,3,"R00200,R01523,R06836,R04144,R04208,R06974",437,1247,1,1,1,0,1,1,0,0,1,0
656,6,3,3,"R00200,R01523,R06836,R04144,R04208,R06975",437,1247,1,1,1,0,1,1,0,0,0,1
657,6,3,3,"R00200,R01523,R06836,R04144,R04463,R04591",437,1247,1,1,1,0,1,0,1,1,0,0
658,6,3,3,"R00200,R01523,R06836,R04144,R04463,R06974",437,1247,1,1,1,0,1,0,1,0,1,0
659,6,3,3,"R00200,R01523,R06836,R04144,R04463,R06975",437,1247,1,1,1,0,1,0,1,0,0,1
660,6,3,3,"R00200,R01523,R06836,R04144,R04591,R06974",437,1247,1,1,1,0,1,0,0,1,1,0
661,6,3,3,"R00200,R01523,R06836,R04144,R04591,R06975",437,1247,1,1,1,0,1,0,0,1,0,1
662,6,3,3,"R00200,R01523,R06836,R04144,R06974,R06975",437,1247,1,1,1,0,1,0,0,0,1,1
663,6,3,3,"R00200,R01523,R06836,R04208,R04463,R04591",439,1251,1,1,1,0,0,1,1,1,0,0
664,6,3,3,"R00200,R01523,R06836,R04208,R04463,R06974",438,1249,1,1,1,0,0,1,1,0,1,0
665,6,3,3,"R00200,R01523,R06836,R04208,R04463,R06975",439,1251,1,1,1,0,0,1,1,0,0,1
666,6,3,3,"R00200,R01523,R06836,R04208,R04591,R06974",438,1249,1,1,1,0,0,1,0,1,1,0
667,6,3,3,"R00200,R01523,R06836,R04208,R04591,R06975",440,1253,1,1,1,0,0,1,0,1,0,1
668,6,3,3,"R00200,R01523,R06836,R04208,R06974,R06975",438,1249,1,1,1,0,0,1,0,0,1,1
669,6,3,3,"R00200,R01523,R06836,R04463,R04591,R06974",438,1249,1,1,1,0,0,0,1,1,1,0
670,6,3,3,"R00200,R01523,R06836,R04463,R04591,R06975",439,1251,1,1,1,0,0,0,1,1,0,1
671,6,3,3,"R00200,R01523,R06836,R04463,R06974,R06975",438,1249,1,1,1,0,0,0,1,0,1,1
672,6,3,3,"R00200,R01523,R06836,R04591,R06974,R06975",438,1249,1,1,1,0,0,0,0,1,1,1
673,6,2,4,"R00200,R01523,R01053,R04144,R04208,R04463",437,1247,1,1,0,1,1,1,1,0,0,0
674,6,2,4,"R00200,R01523,R01053,R04144,R04208,R04591",437,1247,1,1,0,1,1,1,0,1,0,0
675,6,2,4,"R00200,R01523,R01053,R04144,R04208,R06974",437,1247,1,1,0,1,1,1,0,0,1,0
676,6,2,4,"R00200,R01523,R01053,R04144,R04208,R06975",437,1247,1,1,0,1,1,1,0,0,0,1
677,6,2,4,"R00200,R01523,R01053,R04144,R04463,R04591",437,1247,1,1,0,1,1,0,1,1,0,0
678,6,2,4,"R00200,R01523,R01053,R04144,R04463,R06974",437,1247,1,1,0,1,1,0,1,0,1,0
679,6,2,4,"R00200,R01523,R01053,R04144,R04463,R06975",437,1247,1,1,0,1,1,0,1,0,0,1
680,6,2,4,"R00200,R01523,R01053,R04144,R04591,R06974",437,1247,1,1,0,1,1,0,0,1,1,0
681,6,2,4,"R00200,R01523,R01053,R04144,R04591,R06975",437,1247,1,1,0,1,1,0,0,1,0,1
682,6,2,4,"R00200,R01523,R01053,R04144,R06974,R06975",437,1247,1,1,0,1,1,0,0,0,1,1
683,6,2,4,"R00200,R01523,R01053,R04208,R04463,R04591",439,1251,1,1,0,1,0,1,1,1,0,0
684,6,2,4,"R00200,R01523,R01053,R04208,R04463,R06974",438,1249,1,1,0,1,0,1,1,0,1,0
685,6,2,4,"R00200,R01523,R01053,R04208,R04463,R06975",439,1251,1,1,0,1,0,1,1,0,0,1
686,6,2,4,"R00200,R01523,R01053,R04208,R04591,R06974",438,1249,1,1,0,1,0,1,0,1,1,0
687,6,2,4,"R00200,R01523,R01053,R04208,R04591,R06975",440,1253,1,1,0,1,0,1,0,1,0,1
688,6,2,4,"R00200,R01523,R01053,R04208,R06974,R06975",438,1249,1,1,0,1,0,1,0,0,1,1
689,6,2,4,"R00200,R01523,R01053,R04463,R04591,R06974",438,1249,1,1,0,1,0,0,1,1,1,0
690,6,2,4,"R00200,R01523,R01053,R04463,R04591,R06975",439,1251,1,1,0,1,0,0,1,1,0,1
691,6,2,4,"R00200,R01523,R01053,R04463,R06974,R06975",438,1249,1,1,0,1,0,0,1,0,1,1
692,6,2,4,"R00200,R01523,R01053,R04591,R06974,R06975",438,1249,1,1,0,1,0,0,0,1,1,1
693,6,2,4,"R00200,R01523,R04144,R04208,R04463,R04591",437,1249,1,1,0,0,1,1,1,1,0,0
694,6,2,4,"R00200,R01523,R04144,R04208,R04463,R06974",437,1249,1,1,0,0,1,1,1,0,1,0
695,6,2,4,"R00200,R01523,R04144,R04208,R04463,R06975",437,1249,1,1,0,0,1,1,1,0,0,1
696,6,2,4,"R00200,R01523,R04144,R04208,R04591,R06974",437,1249,1,1,0,0,1,1,0,1,1,0
697,6,2,4,"R00200,R01523,R04144,R04208,R04591,R06975",437,1249,1,1,0,0,1,1,0,1,0,1
698,6,2,4,"R00200,R01523,R04144,R04208,R06974,R06975",437,1249,1,1,0,0,1,1,0,0,1,1
699,6,2,4,"R00200,R01523,R04144,R04463,R04591,R06974",437,1249,1,1,0,0,1,0,1,1,1,0
700,6,2,4,"R00200,R01523,R04144,R04463,R04591,R06975",437,1249,1,1,0,0,1,0,1,1,0,1
701,6,2,4,"R00200,R01523,R04144,R04463,R06974,R06975",437,1249,1,1,0,0,1,0,1,0,1,1
702,6,2,4,"R00200,R01523,R04144,R04591,R06974,R06975",437,1249,1,1,0,0,1,0,0,1,1,1
703,6,2,4,"R00200,R01523,R04208,R04463,R04591,R06974",438,1251,1,1,0,0,0,1,1,1,1,0
704,6,2,4,"R00200,R01523,R04208,R04463,R04591,R06975",439,1253,1,1,0,0,0,1,1,1,0,1
705,6,2,4,"R00200,R01523,R04208,R04463,R06974,R06975",438,1251,1,1,0,0,0,1,1,0,1,1
706,6,2,4,"R00200,R01523,R04208,R04591,R06974,R06975",438,1251,1,1,0,0,0,1,0,1,1,1
707,6,2,4,"R00200,R01523,R04463,R04591,R06974,R06975",438,1251,1,1,0,0,0,0,1,1,1,1
708,6,2,4,"R00200,R06836,R01053,R04144,R04208,R04463",429,1210,1,0,1,1,1,1,1,0,0,0
709,6,2,4,"R00200,R06836,R01053,R04144,R04208,R04591",429,1210,1,0,1,1,1,1,0,1,0,0
710,6,2,4,"R00200,R06836,R01053,R04144,R04208,R06974",429,1210,1,0,1,1,1,1,0,0,1,0
711,6,2,4,"R00200,R06836,R01053,R04144,R04208,R06975",429,1210,1,0,1,1,1,1,0,0,0,1
712,6,2,4,"R00200,R06836,R01053,R04144,R04463,R04591",429,1210,1,0,1,1,1,0,1,1,0,0
713,6,2,4,"R00200,R06836,R01053,R04144,R04463,R06974",429,1210,1,0,1,1,1,0,1,0,1,0
714,6,2,4,"R00200,R06836,R01053,R04144,R04463,R06975",429,1210,1,0,1,1,1,0,1,0,0,1
715,6,2,4,"R00200,R06836,R01053,R04144,R04591,R06974",429,1210,1,0,1,1,1,0,0,1,1,0
716,6,2,4,"R00200,R06836,R01053,R04144,R04591,R06975",429,1210,1,0,1,1,1,0,0,1,0,1
717,6,2,4,"R00200,R06836,R01053,R04144,R06974,R06975",429,1210,1,0,1,1,1,0,0,0,1,1
718,6,2,4,"R00200,R06836,R01053,R04208,R04463,R04591",429,1210,1,0,1,1,0,1,1,1,0,0
719,6,2,4,"R00200,R06836,R01053,R04208,R04463,R06974",429,1210,1,0,1,1,0,1,1,0,1,0
720,6,2,4,"R00200,R06836,R01053,R04208,R04463,R06975",429,1210,1,0,1,1,0,1,1,0,0,1
721,6,2,4,"R00200,R06836,R01053,R04208,R04591,R06974",429,1210,1,0,1,1,0,1,0,1,1,0
722,6,2,4,"R00200,R06836,R01053,R04208,R04591,R06975",429,1210,1,0,1,1,0,1,0,1,0,1
723,6,2,4,"R00200,R06836,R01053,R04208,R06974,R06975",429,1210,1,0,1,1,0,1,0,0,1,1
724,6,2,4,"R00200,R06836,R01053,R04463,R04591,R06974",429,1210,1,0,1,1,0,0,1,1,1,0
725,6,2,4,"R00200,R06836,R01053,R04463,R04591,R06975",429,1210,1,0,1,1,0,0,1,1,0,1
726,6,2,4,"R00200,R06836,R01053,R04463,R06974,R06975",429,1210,1,0,1,1,0,0,1,0,1,1
727,6,2,4,"R00200,R06836,R01053,R04591,R06974,R06975",429,1210,1,0,1,1,0,0,0,1,1,1
728,6,2,4,"R00200,R06836,R04144,R04208,R04463,R04591",437,1251,1,0,1,0,1,1,1,1,0,0
729,6,2,4,"R00200,R06836,R04144,R04208,R04463,R06974",437,1251,1,0,1,0,1,1,1,0,1,0
730,6,2,4,"R00200,R06836,R04144,R04208,R04463,R06975",437,1251,1,0,1,0,1,1,1,0,0,1
731,6,2,4,"R00200,R06836,R04144,R04208,R04591,R06974",437,1251,1,0,1,0,1,1,0,1,1,0
732,6,2,4,"R00200,R06836,R04144,R04208,R04591,R06975",437,1251,1,0,1,0,1,1,0,1,0,1
733,6,2,4,"R00200,R06836,R04144,R04208,R06974,R06975",437,1251,1,0,1,0,1,1,0,0,1,1
734,6,2,4,"R00200,R06836,R04144,R04463,R04591,R06974",437,1251,1,0,1,0,1,0,1,1,1,0
735,6,2,4,"R00200,R06836,R04144,R04463,R04591,R06975",437,1251,1,0,1,0,1,0,1,1,0,1
736,6,2,4,"R00200,R06836,R04144,R04463,R06974,R06975",437,1251,1,0,1,0,1,0,1,0,1,1
737,6,2,4,"R00200,R06836,R04144,R04591,R06974,R06975",437,1251,1,0,1,0,1,0,0,1,1,1
738,6,2,4,"R00200,R06836,R04208,R04463,R04591,R06974",438,1253,1,0,1,0,0,1,1,1,1,0
739,6,2,4,"R00200,R06836,R04208,R04463,R04591,R06975",439,1255,1,0,1,0,0,1,1,1,0,1
740,6,2,4,"R00200,R06836,R04208,R04463,R06974,R06975",438,1253,1,0,1,0,0,1,1,0,1,1
741,6,2,4,"R00200,R06836,R04208,R04591,R06974,R06975",438,1253,1,0,1,0,0,1,0,1,1,1
742,6,2,4,"R00200,R06836,R04463,R04591,R06974,R06975",438,1253,1,0,1,0,0,0,1,1,1,1
743,6,1,5,"R00200,R01053,R04144,R04208,R04463,R04591",437,1251,1,0,0,1,1,1,1,1,0,0
744,6,1,5,"R00200,R01053,R04144,R04208,R04463,R06974",437,1251,1,0,0,1,1,1,1,0,1,0
745,6,1,5,"R00200,R01053,R04144,R04208,R04463,R06975",437,1251,1,0,0,1,1,1,1,0,0,1
746,6,1,5,"R00200,R01053,R04144,R04208,R04591,R06974",437,1251,1,0,0,1,1,1,0,1,1,0
747,6,1,5,"R00200,R01053,R04144,R04208,R04591,R06975",437,1251,1,0,0,1,1,1,0,1,0,1
748,6,1,5,"R00200,R01053,R04144,R04208,R06974,R06975",437,1251,1,0,0,1,1,1,0,0,1,1
749,6,1,5,"R00200,R01053,R04144,R04463,R04591,R06974",437,1251,1,0,0,1,1,0,1,1,1,0
750,6,1,5,"R00200,R01053,R04144,R04463,R04591,R06975",437,1251,1,0,0,1,1,0,1,1,0,1
751,6,1,5,"R00200,R01053,R04144,R04463,R06974,R06975",437,1251,1,0,0,1,1,0,1,0,1,1
752,6,1,5,"R00200,R01053,R04144,R04591,R06974,R06975",437,1251,1,0,0,1,1,0,0,1,1,1
753,6,1,5,"R00200,R01053,R04208,R04463,R04591,R06974",438,1253,1,0,0,1,0,1,1,1,1,0
754,6,1,5,"R00200,R01053,R04208,R04463,R04591,R06975",439,1255,1,0,0,1,0,1,1,1,0,1
755,6,1,5,"R00200,R01053,R04208,R04463,R06974,R06975",438,1253,1,0,0,1,0,1,1,0,1,1
756,6,1,5,"R00200,R01053,R04208,R04591,R06974,R06975",438,1253,1,0,0,1,0,1,0,1,1,1
757,6,1,5,"R00200,R01053,R04463,R04591,R06974,R06975",438,1253,1,0,0,1,0,0,1,1,1,1
758,6,1,5,"R00200,R04144,R04208,R04463,R04591,R06974",437,1253,1,0,0,0,1,1,1,1,1,0
759,6,1,5,"R00200,R04144,R04208,R04463,R04591,R06975",437,1253,1,0,0,0,1,1,1,1,0,1
760,6,1,5,"R00200,R04144,R04208,R04463,R06974,R06975",437,1253,1,0,0,0,1,1,1,0,1,1
761,6,1,5,"R00200,R04144,R04208,R04591,R06974,R06975",437,1253,1,0,0,0,1,1,0,1,1,1
762,6,1,5,"R00200,R04144,R04463,R04591,R06974,R06975",437,1253,1,0,0,0,1,0,1,1,1,1
763,6,1,5,"R00200,R04208,R04463,R04591,R06974,R06975",438,1255,1,0,0,0,0,1,1,1,1,1
764,6,2,4,"R01523,R06836,R01053,R04144,R04208,R04463",429,1210,0,1,1,1,1,1,1,0,0,0
765,6,2,4,"R01523,R06836,R01053,R04144,R04208,R04591",429,1210,0,1,1,1,1,1,0,1,0,0
766,6,2,4,"R01523,R06836,R01053,R04144,R04208,R06974",429,1210,0,1,1,1,1,1,0,0,1,0
767,6,2,4,"R01523,R06836,R01053,R04144,R04208,R06975",429,1210,0,1,1,1,1,1,0,0,0,1
768,6,2,4,"R01523,R06836,R01053,R04144,R04463,R04591",429,1210,0,1,1,1,1,0,1,1,0,0
769,6,2,4,"R01523,R06836,R01053,R04144,R04463,R06974",429,1210,0,1,1,1,1,0,1,0,1,0
770,6,2,4,"R01523,R06836,R01053,R04144,R04463,R06975",429,1210,0,1,1,1,1,0,1,0,0,1
771,6,2,4,"R01523,R06836,R01053,R04144,R04591,R06974",429,1210,0,1,1,1,1,0,0,1,1,0
772,6,2,4,"R01523,R06836,R01053,R04144,R04591,R06975",429,1210,0,1,1,1,1,0,0,1,0,1
773,6,2,4,"R01523,R06836,R01053,R04144,R06974,R06975",429,1210,0,1,1,1,1,0,0,0,1,1
774,6,2,4,"R01523,R06836,R01053,R04208,R04463,R04591",429,1210,0,1,1,1,0,1,1,1,0,0
775,6,2,4,"R01523,R06836,R01053,R04208,R04463,R06974",429,1210,0,1,1,1,0,1,1,0,1,0
776,6,2,4,"R01523,R06836,R01053,R04208,R04463,R06975",429,1210,0,1,1,1,0,1,1,0,0,1
777,6,2,4,"R01523,R06836,R01053,R04208,R04591,R06974",429,1210,0,1,1,1,0,1,0,1,1,0
778,6,2,4,"R01523,R06836,R01053,R04208,R04591,R06975",429,1210,0,1,1,1,0,1,0,1,0,1
779,6,2,4,"R01523,R06836,R01053,R04208,R06974,R06975",429,1210,0,1,1,1,0,1,0,0,1,1
780,6,2,4,"R01523,R06836,R01053,R04463,R04591,R06974",429,1210,0,1,1,1,0,0,1,1,1,0
781,6,2,4,"R01523,R06836,R01053,R04463,R04591,R06975",429,1210,0,1,1,1,0,0,1,1,0,1
782,6,2,4,"R01523,R06836,R01053,R04463,R06974,R06975",429,1210,0,1,1,1,0,0,1,0,1,1
783,6,2,4,"R01523,R06836,R01053,R04591,R06974,R06975",429,1210,0,1,1,1,0,0,0,1,1,1
784,6,2,4,"R01523,R06836,R04144,R04208,R04463,R04591",437,1251,0,1,1,0,1,1,1,1,0,0
785,6,2,4,"R01523,R06836,R04144,R04208,R04463,R06974",437,1251,0,1,1,0,1,1,1,0,1,0
786,6,2,4,"R01523,R06836,R04144,R04208,R04463,R06975",437,1251,0,1,1,0,1,1,1,0,0,1
787,6,2,4,"R01523,R06836,R04144,R04208,R04591,R06974",437,1251,0,1,1,0,1,1,0,1,1,0
788,6,2,4,"R01523,R06836,R04144,R04208,R04591,R06975",437,1251,0,1,1,0,1,1,0,1,0,1
789,6,2,4,"R01523,R06836,R04144,R04208,R06974,R06975",437,1251,0,1,1,0,1,1,0,0,1,1
790,6,2,4,"R01523,R06836,R04144,R04463,R04591,R06974",437,1251,0,1,1,0,1,0,1,1,1,0
791,6,2,4,"R01523,R06836,R04144,R04463,R04591,R06975",437,1251,0,1,1,0,1,0,1,1,0,1
792,6,2,4,"R01523,R06836,R04144,R04463,R06974,R06975",437,1251,0,1,1,0,1,0,1,0,1,1
793,6,2,4,"R01523,R06836,R04144,R04591,R06974,R06975",437,1251,0,1,1,0,1,0,0,1,1,1
794,6,2,4,"R01523,R06836,R04208,R04463,R04591,R06974",438,1253,0,1,1,0,0,1,1,1,1,0
795,6,2,4,"R01523,R06836,R04208,R04463,R04591,R06975",439,1255,0,1,1,0,0,1,1,1,0,1
796,6,2,4,"R01523,R06836,R04208,R04463,R06974,R06975",438,1253,0,1,1,0,0,1,1,0,1,1
797,6,2,4,"R01523,R06836,R04208,R04591,R06974,R06975",438,1253,0,1,1,0,0,1,0,1,1,1
798,6,2,4,"R01523,R06836,R04463,R04591,R06974,R06975",438,1253,0,1,1,0,0,0,1,1,1,1
799,6,1,5,"R01523,R01053,R04144,R04208,R04463,R04591",437,1251,0,1,0,1,1,1,1,1,0,0
800,6,1,5,"R01523,R01053,R04144,R04208,R04463,R06974",437,1251,0,1,0,1,1,1,1,0,1,0
801,6,1,5,"R01523,R01053,R04144,R04208,R04463,R06975",437,1251,0,1,0,1,1,1,1,0,0,1
802,6,1,5,"R01523,R01053,R04144,R04208,R04591,R06974",437,1251,0,1,0,1,1,1,0,1,1,0
803,6,1,5,"R01523,R01053,R04144,R04208,R04591,R06975",437,1251,0,1,0,1,1,1,0,1,0,1
804,6,1,5,"R01523,R01053,R04144,R04208,R06974,R06975",437,1251,0,1,0,1,1,1,0,0,1,1
805,6,1,5,"R01523,R01053,R04144,R04463,R04591,R06974",437,1251,0,1,0,1,1,0,1,1,1,0
806,6,1,5,"R01523,R01053,R04144,R04463,R04591,R06975",437,1251,0,1,0,1,1,0,1,1,0,1
807,6,1,5,"R01523,R01053,R04144,R04463,R06974,R06975",437,1251,0,1,0,1,1,0,1,0,1,1
808,6,1,5,"R01523,R01053,R04144,R04591,R06974,R06975",437,1251,0,1,0,1,1,0,0,1,1,1
809,6,1,5,"R01523,R01053,R04208,R04463,R04591,R06974",438,1253,0,1,0,1,0,1,1,1,1,0
810,6,1,5,"R01523,R01053,R04208,R04463,R04591,R06975",439,1255,0,1,0,1,0,1,1,1,0,1
811,6,1,5,"R01523,R01053,R04208,R04463,R06974,R06975",438,1253,0,1,0,1,0,1,1,0,1,1
812,6,1,5,"R01523,R01053,R04208,R04591,R06974,R06975",438,1253,0,1,0,1,0,1,0,1,1,1
813,6,1,5,"R01523,R01053,R04463,R04591,R06974,R06975",438,1253,0,1,0,1,0,0,1,1,1,1
814,6,1,5,"R01523,R04144,R04208,R04463,R04591,R06974",437,1253,0,1,0,0,1,1,1,1,1,0
815,6,1,5,"R01523,R04144,R04208,R04463,R04591,R06975",437,1253,0,1,0,0,1,1,1,1,0,1
816,6,1,5,"R01523,R04144,R04208,R04463,R06974,R06975",437,1253,0,1,0,0,1,1,1,0,1,1
817,6,1,5,"R01523,R04144,R04208,R04591,R06974,R06975",437,1253,0,1,0,0,1,1,0,1,1,1
818,6,1,5,"R01523,R04144,R04463,R04591,R06974,R06975",437,1253,0,1,0,0,1,0,1,1,1,1
819,6,1,5,"R01523,R04208,R04463,R04591,R06974,R06975",438,1255,0,1,0,0,0,1,1,1,1,1
820,6,1,5,"R06836,R01053,R04144,R04208,R04463,R04591",429,1214,0,0,1,1,1,1,1,1,0,0
821,6,1,5,"R06836,R01053,R04144,R04208,R04463,R06974",429,1214,0,0,1,1,1,1,1,0,1,0
822,6,1,5,"R06836,R01053,R04144,R04208,R04463,R06975",429,1214,0,0,1,1,1,1,1,0,0,1
823,6,1,5,"R06836,R01053,R04144,R04208,R04591,R06974",429,1214,0,0,1,1,1,1,0,1,1,0
824,6,1,5,"R06836,R01053,R04144,R04208,R04591,R06975",429,1214,0,0,1,1,1,1,0,1,0,1
825,6,1,5,"R06836,R01053,R04144,R04208,R06974,R06975",429,1214,0,0,1,1,1,1,0,0,1,1
