,cid,scope
0,C11511,4307
1,C00375,4307
2,C05167,4307
3,C00049,420
4,C02614,4307
5,C01883,4307
6,C02341,4305
7,C05359,4299
8,C06029,4307
9,C03981,4307
10,Z00026,4279
11,C20485,4307
12,C04115,4307
13,C02362,4307
14,C02218,4307
15,C05946,4307
16,C00084,4237
17,C01990,4307
18,C01384,4307
19,C01444,4307
20,C01417,4307
21,Z00042,4306
22,C00490,4306
23,C00074,143
24,C00898,4307
25,C00940,4251
26,C03248,4307
27,C00013,431
28,C06244,4307
29,C02107,4307
30,C03961,4307
31,C06033,4307
32,Z00039,4305
33,C05361,4303
34,C05684,4304
35,C01563,4307
36,C19813,4307
37,Z00043,4307
38,C03600,4307
39,C01353,4304
40,C05379,4307
41,C01596,4306
42,C02512,4306
43,C00186,4307
44,C00152,3061
45,C04434,4307
46,C21632,4307
47,C04324,4307
48,C05364,4307
49,C06035,4307
50,C01042,4305
51,C00222,4301
52,C05360,4307
53,C05840,4307
54,C00552,4306
55,C02612,4307
56,C00227,4307
57,C02798,4278
58,C00631,145
59,C00037,390
60,C00497,4306
61,C00697,4306
62,C00258,4304
63,C20253,4307
64,C19838,4307
65,C01159,4307
66,C18232,4307
67,C00804,4305
68,C00197,148
69,C07272,4307
70,C02226,4306
71,C03548,4307
72,C00256,4305
73,C05670,4306
74,C01182,4306
75,C06031,4307
76,C00099,1883
77,C06032,4307
78,C00354,4307
79,C00085,4305
80,C03722,543
81,C00118,305
82,C01073,4307
83,C05669,4306
84,C19779,4307
85,C01151,4307
86,C00111,4284
87,C00279,4265
88,C20954,4300
89,C00184,4307
90,C01286,4307
91,C00546,4304
92,C00092,4244
93,C06893,4305
94,C00352,4307
95,C21611,4305
96,C00119,538
97,C06019,4307
98,C20440,4307
99,C05378,4307
100,C00231,4305
101,C04442,4307
102,C01097,4303
103,C21610,4307
104,C22280,4307
105,C00275,4305
106,C00673,4306
107,C03785,4307
108,C21383,4306
109,C00357,4307
110,C00103,4295
111,C05382,4288
112,C01101,4307
113,C00663,4304
114,C01113,4305
115,C20986,4307
116,C05345,4295
117,C22318,4307
118,C03604,4305
119,C00067,1536
120,C00447,4307
121,C16848,4305
122,C06377,4306
123,C01185,544
124,C00031,4273
125,C00636,4303
126,C04691,4307
127,C00672,4296
128,C00199,1340
129,C06156,4307
130,C00944,2696
131,C19792,4305
132,C20236,4306
133,C21281,4307
134,C00185,4299
135,C15556,1342
136,C02048,4307
137,C03394,4297
138,C21282,4307
139,C00963,4307
140,C00267,4307
141,C07836,4303
142,C00117,309
143,C04534,4307
144,C00208,4303
145,C00689,4307
146,C01172,4306
147,C05841,4307
148,C00668,4307
149,C02591,4307
150,C22029,4307
151,C15548,4307
152,C19882,4307
153,C00455,4307
154,C00095,4303
155,C18096,4305
156,C20934,4307
157,C01231,4307
158,C03847,4307
159,C04501,4307
160,C01112,4307
161,C16698,4307
162,C04257,4307
163,C03291,4307
164,C02995,4307
165,C01518,4307
166,C02306,4307
167,C01083,4304
168,C06376,4307
169,C19878,4304
170,C06241,4307
171,C00089,4299
172,C16688,4307
173,C14899,4306
174,C00121,4291
175,C00369,4306
176,C21285,4304
177,C00253,4252
178,C03150,4306
179,C02713,4306
180,C03090,440
181,C00236,4307
182,C04478,4307
183,C00018,313
184,C19791,4306
185,C01935,4305
186,C01898,4307
187,C00159,4303
188,C06219,4303
189,C00153,1788
190,C02962,4306
191,C01094,4307
192,C22278,4307
193,C00620,4306
194,C00273,4306
195,C20861,4307
196,C06468,4307
197,C00252,4302
198,C00221,4304
199,C00645,4307
200,C02964,4307
201,C16186,4307
202,C03661,4307
203,C06400,4307
204,C21655,4307
205,C01187,4305
206,C21336,4307
207,C02336,4307
208,C02478,4307
209,C03838,441
210,C21659,4307
211,C01728,4307
212,C00577,4307
213,C00250,4301
214,C00270,4296
215,C00973,4307
216,C00372,4305
217,C05396,4307
218,C01742,4307
219,C02013,4304
220,C00140,4295
221,C11544,4307
222,C02209,4307
223,C00309,4307
224,C00721,4307
225,Z00035,324
226,C00097,1844
227,C00534,4307
228,C00065,3015
229,C00025,414
230,C20887,4307
231,C00204,4306
232,C01674,4305
233,C00402,4306
234,C06393,4307
235,C06218,4305
236,C01216,4307
237,C00216,4304
238,C03708,4307
239,C22097,4307
240,C04376,442
241,C00820,4307
242,C22230,4307
243,Z00004,3053
244,C20904,4307
245,C04540,4306
246,C00188,3058
247,C00041,2970
248,C05519,4307
249,C11516,4307
250,C00793,4307
251,C00151,4303
252,C12317,4307
253,C00329,4304
254,C00405,4305
255,C05672,4307
256,C06114,4307
257,C12270,4307
258,C03752,4306
259,C00302,4307
260,C22320,4307
261,C02999,4307
262,C01419,4306
263,C00168,4307
264,C00138,4175
265,C00957,4306
266,C00139,4176
267,C01239,4307
268,C00979,4303
269,C00133,4287
270,C00334,4306
271,C22154,4291
272,C05723,4307
273,C00257,4306
274,C21747,4307
275,C05711,4307
276,C05931,4307
277,C03079,4307
278,C05947,4306
279,C20845,4307
280,C05688,4304
281,C21068,4301
282,C06217,4306
283,C00217,4302
284,C22151,4285
285,C01005,4295
286,C00647,4307
287,C00109,3039
288,C22150,4285
289,C11529,4307
290,C00064,440
291,C00740,4305
292,C05226,4307
293,C21858,4307
294,C20888,4307
295,C05705,4307
296,C05699,4306
297,C00993,4297
298,C06030,4307
299,C00975,4307
300,C02671,4305
301,C06216,4307
302,C02946,4307
303,C15767,4307
304,C04640,443
305,C01234,4307
306,C20905,4307
307,C00237,1764
308,C20844,4307
309,C00232,4307
310,C03738,4307
311,C00155,4306
312,Z00044,4307
313,C05704,4307
314,C02356,4305
315,C01146,4307
316,C02291,4307
317,C00198,4306
318,C00819,4306
319,Z00016,4281
320,C20776,4307
321,C05715,4307
322,C21559,4296
323,C02532,4307
324,C03232,4307
325,C00266,4305
326,C02237,4307
327,C00051,4283
328,C05383,4307
329,C03451,4307
330,C03921,4307
331,C16690,4307
332,Z00023,4292
333,C06441,4307
334,C01031,4307
335,C00441,4303
336,C00542,4307
337,C03373,444
338,C03618,4307
339,C03826,4306
340,C01077,4307
341,C03740,4307
342,C17234,4307
343,C01879,4306
344,C00679,4307
345,C05601,4307
346,C06201,4307
347,C03459,4307
348,C05702,4307
349,C22337,4307
350,C03933,4307
351,C01118,4307
352,C05698,4304
353,C00684,4307
354,C14180,4307
355,C05707,4307
356,C05600,4307
357,C03063,4307
358,C20644,4307
359,C20258,4307
360,C03283,4303
361,C12115,4307
362,C16849,4306
363,C00433,4306
364,C16850,4306
365,C04751,445
366,C00669,4304
367,C15667,4307
368,C19929,4307
369,C04052,4307
370,C05941,4307
371,C00986,4303
372,C04282,3184
373,C04823,447
374,C06231,4306
375,C05942,3185
376,C04186,4307
377,C04677,448
378,C19907,3186
379,C04734,450
380,C06442,4307
381,C04051,4307
382,C00130,451
383,Z00056,3187
384,C00081,4307
385,C00262,4307
386,C00104,4307
387,C00294,4305
388,C00212,4301
389,C05512,4307
390,C00147,4303
391,C00559,4307
392,C00020,463
393,C01367,4306
394,C00054,4293
395,C00008,1139
396,C00002,516
397,C22092,4307
398,C02353,4307
399,C00360,4307
400,C00857,4305
401,C00301,4305
402,C03794,4307
403,C22366,4307
404,C22220,4304
405,C01801,4307
406,C01260,4307
407,C22361,4307
408,C19879,4305
409,C20565,4307
410,C03287,4307
411,C11472,4304
412,C21851,4306
413,C02739,4304
414,C04544,4307
415,C00508,4307
416,C06892,4306
417,C21015,4306
418,C21027,4307
419,C02076,4306
420,C12147,4307
421,C00206,4307
422,C22350,4306
423,C03082,4307
424,C21069,4302
425,C13050,4307
426,C22030,4307
427,C02045,4307
428,C00192,4304
429,C20237,4307
430,C00498,4306
431,C21785,4304
432,C02022,4306
433,C00618,4307
434,C00575,4306
435,C20190,4306
436,C02405,4307
437,C21612,4306
438,C03064,4306
439,C00169,2656
440,C05380,4307
441,C04058,4306
442,C00795,4304
443,C00312,4306
444,C00310,4306
445,C22131,4307
446,C00003,609
447,C05172,4307
448,C01487,4307
449,C20969,4307
450,C00345,4307
451,C00665,4306
452,C19694,4307
453,C19719,4307
454,Z00032,2440
455,C22363,4307
456,C16116,4307
457,C03483,4307
458,C15498,4306
459,C03431,4307
460,C01218,4307
461,C07838,4305
462,C20784,1792
463,C21618,4307
464,C03124,4307
465,C00181,4304
466,C21016,4307
467,C03267,4307
468,C01818,4307
469,C07024,4306
470,C05406,4307
471,C01062,4307
472,C00094,4271
473,C00004,2590
474,C20668,4299
475,C00802,4307
476,C03589,4307
477,C04349,4306
478,C03393,4306
479,C00655,4307
480,C00943,4307
481,C00132,1539
482,C01236,4307
483,C00764,4306
484,C11822,4307
485,C00491,4306
486,C04122,4307
487,C00021,3103
488,C00794,4306
489,C00162,4300
490,C02741,4305
491,C04575,4305
492,C05692,4307
493,C21877,4307
494,C04006,4298
495,C02637,2698
496,C06222,4307
497,C00006,1294
498,C00971,4307
499,C21617,4307
500,C17209,4260
501,C22351,4307
502,C00060,4287
503,C20198,4307
504,C00131,4307
505,C00652,4305
506,C00438,3826
507,C06735,4307
508,C00259,4304
509,C03401,4297
510,C01508,4307
511,C00476,4307
512,C16737,4307
513,C19880,4306
514,C03508,4307
515,C04593,4307
516,C00506,4307
517,C03620,4307
518,C05932,4307
519,C01096,4306
520,C05999,4307
521,C20680,4305
522,C20742,4307
523,C06379,4307
524,C04053,4307
525,C20961,4303
526,C00555,4307
527,C03539,4307
528,C00137,4299
529,C05936,4307
530,C00392,4307
531,C00603,4305
532,C00241,4306
533,C02589,4307
534,C02715,4307
535,C15565,4307
536,C00116,4298
537,C02761,4307
538,C03906,4307
539,C05985,4306
540,C05665,4307
541,C01114,4306
542,C00093,4297
543,C04281,4307
544,C04471,4307
545,C19674,4307
546,C00623,4300
547,C04856,4306
548,C03972,4307
549,C21113,4307
550,C03107,4307
551,C00800,4307
552,C06397,4306
553,C01904,4307
554,C17580,4261
555,C05411,4307
556,C02780,4307
557,C02753,4307
558,C03790,4307
559,C00878,4307
560,C18345,4307
561,C05823,4307
562,C00469,4304
563,C00847,4303
564,C01685,4307
565,C00770,4307
566,C02207,4307
567,C16884,4307
568,C00493,2799
569,C01697,4306
570,C06473,4307
571,C01962,4307
572,C00538,4307
573,C00226,4307
574,C22219,4305
575,C00385,4300
576,C03361,4307
577,C02716,4307
578,C04063,4307
579,C01013,4307
580,C00127,4304
581,C15700,4307
582,C04225,4307
583,C01068,4306
584,C00263,4306
585,C07025,4307
586,C02231,4307
587,C06311,4307
588,C00989,4307
589,C05984,4307
590,C00144,1272
591,C02119,4307
592,C01087,4306
593,C00937,4305
594,C02489,4307
595,C00424,4298
596,C00337,3828
597,C01380,4306
598,C06380,4307
599,C05938,4307
600,C02133,4307
601,C00726,4305
602,C00230,4292
603,C05696,4307
604,C00596,4307
605,C03453,4307
606,C01489,4307
607,C12213,4300
608,C17530,4307
609,C03716,4307
610,C05235,4297
611,C01888,4307
612,C21787,4307
613,C21593,4307
614,C05412,4307
615,C00474,4306
616,C11536,4307
617,C02266,4307
618,C13051,4307
619,C03912,4302
620,C03210,4307
621,C01620,4307
622,C00247,4305
623,C03703,4307
624,C02630,4307
625,C06054,4307
626,C00532,4307
627,C00005,1294
628,C00644,4307
629,C04642,4307
630,C05422,4307
631,C00379,4306
632,C21585,4306
633,C01165,4307
634,C21524,4307
635,C04896,4306
636,C20247,1793
637,C00296,4303
638,C01762,4293
639,C22218,4306
640,C00077,4276
641,C00691,4294
642,C15668,4307
643,C00242,4307
644,C15673,4307
645,C03189,4307
646,C03546,4307
647,C00314,4299
648,C00666,4307
649,C00387,4305
650,C06159,4307
651,C00583,4307
652,C11537,4306
653,C00072,4297
654,C01157,4305
655,C00905,4305
656,C02112,4307
657,C06060,4307
658,C01099,4307
659,C03658,4307
660,C21250,4307
661,C00942,4307
662,C12214,4302
663,C01424,4301
664,C03194,4307
665,C06440,4307
666,C02917,4307
667,C00086,4291
668,C01041,4297
669,C00124,4299
670,C10517,4307
671,C00849,4307
672,C01326,4302
673,C03415,4306
674,C03979,4307
675,C06548,4306
676,C01131,4300
677,C15585,4307
678,C02658,4306
679,C11546,4307
680,C05686,4307
681,C01177,4306
682,C00224,4306
683,C00245,4304
684,C06398,4307
685,C02426,4307
686,C04899,4306
687,C05528,4296
688,C00320,4303
689,C04916,4307
690,C02244,4307
691,C03175,2801
692,C02888,4307
693,C00545,4307
694,C00502,4307
695,C02320,4307
696,C04484,4307
697,C12212,4307
698,C01817,4307
699,C10906,4307
700,C01885,4307
701,C06055,4305
702,C00134,4291
703,C20966,4304
704,C21523,4307
705,C20903,4306
706,C01102,4307
707,C01507,4307
708,C00191,4299
709,C00422,4306
710,C00148,3059
711,C00096,4293
712,C20482,4307
713,C02912,4307
714,C20246,4307
715,C02225,4307
716,C17581,4262
717,C01040,4307
718,C00681,4296
719,C03233,4306
720,C01243,4307
721,C18174,4307
722,C03120,4307
723,C00035,4287
724,C02979,4307
725,C21649,4307
726,C03223,4306
727,C02501,4307
728,C11838,4307
729,C05515,4305
730,C02895,4307
731,C05401,4306
732,C00627,4307
733,C02084,4307
734,C21643,4307
735,C01566,4307
736,C04299,4307
737,C04783,4307
738,C00641,4292
739,C01235,4307
740,C00680,4300
741,C00330,4307
742,C00488,4307
743,C01616,4307
744,C03440,4307
745,C04287,4307
746,C01272,4307
747,C05400,4307
748,C18050,4306
749,C15699,4307
750,C05718,4307
751,C03851,4307
752,C20781,4307
753,C00327,3008
754,C06891,4307
755,C00861,4301
756,C05399,4307
757,C03974,4307
758,C05516,4306
759,C20483,4307
760,C00818,4305
761,C00682,4307
762,C03375,4305
763,C06257,4307
764,C00558,4306
765,C01228,4307
766,C01721,4307
767,C21040,4307
768,C01877,4307
769,C01220,4307
770,C05714,4307
771,C04421,4307
772,C12215,4303
773,C20251,4306
774,C03033,4307
775,C06153,4307
776,C02714,4307
777,C11638,4307
778,C04322,4307
779,C00763,4307
780,C02627,4263
781,C00437,4307
782,C00087,4307
783,C00165,4307
784,C15925,4307
785,C05375,4307
786,C03564,4306
787,C00394,4307
788,C00436,4307
789,C16069,4307
790,C01269,2802
791,C00044,1295
792,C00243,4304
793,C20959,4307
794,C00593,4294
795,C05824,4307
796,C00053,4293
797,C18172,4307
798,C02280,4307
799,C02669,4307
800,C01222,4301
801,C20656,4307
802,C01401,4307
803,C05616,4306
804,C20902,4307
805,C05402,4307
806,C04390,4307
807,C03372,4297
808,C11499,4298
809,C18314,4307
810,C06193,4306
811,C20890,4307
812,C03383,4307
813,C00446,4304
814,C04477,4307
815,C19793,4307
816,C04062,4307
817,C05385,4307
818,C00976,4307
819,C07335,4307
820,C00514,4306
821,C06370,4307
822,C02670,4307
823,C06056,4305
824,C00059,4299
825,C03387,4307
826,C05697,4307
827,C00984,4307
828,C18048,4307
829,C04210,4307
830,C01214,4299
831,C00492,4305
832,C19675,4307
833,C19781,4307
834,C06366,4307
835,C00515,4305
836,C00499,4306
837,C20640,4307
838,C01245,4307
839,C02827,4307
840,C00325,4302
841,C15930,4307
842,C01283,4300
843,C02977,4307
844,C14830,4307
845,C00416,4307
846,C00344,4302
847,C04494,4307
848,C05123,4307
849,C03576,4298
850,C06057,4307
851,C08242,4307
852,C15926,4307
853,C20638,4306
854,C15532,4307
855,C02703,4307
856,C01250,4307
857,C22297,4298
858,C01019,4304
859,C03406,3010
860,C00047,3039
861,C21181,4299
862,C22298,4306
863,C02091,4307
864,C18068,4307
865,C14179,4307
866,C20960,4307
867,C01582,4307
868,C02704,4307
869,C02024,4307
870,C01194,4300
871,C16463,4307
872,C20985,4305
873,C12106,4304
874,C03827,4307
875,C19706,4307
876,C05710,4307
877,C19891,4307
878,C01277,4307
879,C03871,4307
880,C05539,4306
881,C01261,4307
882,C05922,4304
883,C05239,4307
884,C20612,4306
885,C01075,4305
886,C05404,4307
887,C00315,4290
888,C00362,4307
889,C15563,4307
890,C01613,4307
891,C17205,4307
892,C21644,4307
893,C00880,4307
894,C06372,4306
895,C04480,4307
896,C01284,4298
897,C05526,4307
898,C01304,1338
899,C06194,4307
900,C04895,4265
901,C02000,4307
902,C01110,4306
903,C19881,4307
904,C00817,4307
905,C05147,4307
906,C03989,4307
907,C03117,4307
908,C00624,4307
909,C00507,4302
910,C04462,4307
911,C00333,4301
912,C03692,4302
913,C06430,4307
914,C01268,1340
915,C19758,4307
916,C20613,4307
917,C20239,4304
918,C18910,4307
919,C00879,4305
920,C11555,4307
921,C00449,4307
922,C20354,4307
923,C06038,4307
924,C11557,4307
925,C04315,4306
926,C18028,4306
927,C02273,4307
928,C04076,4307
929,C20911,4307
930,C11554,4307
931,C02427,4307
932,C02444,4307
933,C02475,4307
934,C21955,4307
935,C01115,4307
936,C20991,4307
937,C21180,4307
938,C01204,4300
939,C00062,3011
940,C21094,4307
941,C15853,4307
942,C21752,4307
943,C01825,4307
944,C04133,4307
945,C04549,4306
946,C05341,4307
947,C20889,4306
948,C02991,4306
949,C06037,4306
950,C04020,4307
951,C12109,4305
952,C00450,4307
953,C02727,4307
954,C05923,4305
955,C00408,4306
956,C03789,4306
957,C02985,4307
958,C21730,4307
959,C00739,4304
960,C03684,4272
961,C01029,4307
962,C02837,4306
963,C04046,4303
964,C04520,4307
965,C04637,4307
966,C00536,4223
967,Z00008,4307
968,C01602,4307
969,C01672,4293
970,C16489,4305
971,C01300,4094
972,C04092,4307
973,C20830,4301
974,C21606,4304
975,C06371,4307
976,C21615,4307
977,C03819,4307
978,C02431,4307
979,C06195,4307
980,C03920,4307
981,C04874,4303
982,C05730,4305
983,C04037,4307
984,C05925,4306
985,C00361,4307
986,C01294,4301
987,C01035,4307
988,C01959,4306
989,C04674,4307
990,C04244,4307
991,C00409,4306
992,C05945,4307
993,C02718,4307
994,C01201,4307
995,C06148,4306
996,C00286,4307
997,C12108,4306
998,C06181,4303
999,C11556,4307
1000,C11174,4307
1001,C05548,4307
1002,C03771,4306
1003,C19809,4307
1004,C15990,4307
1005,C04807,4297
1006,C00179,4303
1007,C20264,4307
1008,C04563,4307
1009,C20896,4307
1010,C02090,4306
1011,C04454,1341
1012,C16488,4306
1013,C02587,4307
1014,C05926,4307
1015,C01934,4307
1016,C05933,4303
1017,C21607,4307
1018,C01720,4307
1019,C00581,4301
1020,C05981,4307
1021,C15991,4307
1022,C00218,4302
1023,C20829,4305
1024,C21091,4307
1025,C00404,4307
1026,C18158,4303
1027,C00956,4294
1028,C05328,4307
1029,C01924,4307
1030,C10783,4307
1031,C00272,4284
1032,C04137,4307
1033,C20831,4305
1034,C21614,4307
1035,C01682,4307
1036,C21008,4306
1037,C05340,4306
1038,C04579,4307
1039,C21099,4307
1040,C21640,4307
1041,C03239,4307
1042,C11526,4307
1043,C12455,4307
1044,C00792,4307
1045,C21064,4306
1046,C01746,4307
1047,C01046,4307
1048,C02721,4307
1049,C21007,4307
1050,C06180,4307
1051,C03153,4307
1052,C02385,4307
1053,C03149,4307
1054,C03166,4307
1055,C03623,4307
1056,C03078,4307
1057,C13508,4307
1058,Z00045,4307
1059,C00268,4307
1060,C10772,4304
1061,C20798,4306
1062,C00543,4305
1063,C00835,4305
1064,C06313,4307
1065,C00322,4293
1066,C00073,1724
1067,C03087,4307
1068,C04280,4302
1069,C03170,4307
1070,C00431,4307
1071,C12107,4307
1072,C08371,4307
1073,C07044,4304
1074,C02953,4307
1075,C21616,4307
1076,C04732,1342
1077,C02647,4307
1078,C20690,4307
1079,C00855,4307
1080,C00019,1587
1081,C05662,4307
1082,C00565,4305
1083,C03134,4307
1084,C04673,4303
1085,C04332,1343
1086,C20639,4305
1087,C02333,4307
1088,C03354,4307
1089,C03273,4305
1090,C00990,4307
1091,C20263,4307
1092,C05533,4307
1093,C20797,4307
1094,C02360,4307
1095,C01180,4288
1096,C03145,4307
1097,C21182,4307
1098,C03172,4307
1099,C03626,4307
1100,C15522,4306
1101,C02621,4306
1102,C00580,4302
1103,C02723,4298
1104,C03659,4307
1105,C16352,4294
1106,C06149,4307
1107,C20234,4307
1108,C03395,4307
1109,C02926,4307
1110,C03660,4307
1111,C04556,1765
1112,C04002,4307
1113,C07130,4307
1114,C05995,4307
1115,C00719,4307
1116,C01026,4307
1117,C02918,4305
1118,C00213,4307
1119,C02804,4306
1120,C01004,4307
1121,C00255,1345
1122,C00300,4303
1123,C00114,4302
1124,C18168,4306
1125,C11515,4307
1126,C21310,4279
1127,C01251,4307
1128,C00170,4275
1129,C20651,4306
1130,Z00041,4298
1131,C21764,4307
1132,C05324,4302
1133,C01137,4295
1134,C05689,4306
1135,C11514,4307
1136,C00489,4305
1137,C01298,4304
1138,C05198,1734
1139,C06352,4307
1140,C05703,4299
1141,C21102,4307
1142,C01777,4307
1143,C16565,4305
1144,C18904,4307
1145,C00750,4305
1146,C00576,4307
1147,C19787,4307
1148,C18169,4307
1149,C00061,1350
1150,Z00017,4304
1151,C03089,4307
1152,C16353,4295
1153,C05574,4307
1154,C22288,4307
1155,C01008,4307
1156,C02305,4307
1157,C19669,4307
1158,C01727,4307
1159,C00919,4307
1160,C01279,4306
1161,C00588,4304
1162,C20277,4307
1163,C00157,4304
1164,C01996,4307
1165,C21009,4307
1166,C21010,4307
1167,C21004,4306
1168,C15486,4303
1169,C20248,4305
1170,C00791,4305
1171,C05335,4303
1172,C01142,4306
1173,C08057,4307
1174,C20560,4307
1175,C18239,4280
1176,C04752,1794
1177,Z00040,4307
1178,C02535,4306
1179,C04188,4307
1180,C11351,4305
1181,C00135,3035
1182,C13747,4305
1183,C10905,4307
1184,C05690,4307
1185,C01081,1795
1186,C04230,4307
1187,C05575,4302
1188,C00386,4307
1189,Z00014,2479
1190,C01929,4307
1191,C13482,4307
1192,C16566,4306
1193,C16562,4306
1194,C00388,4303
1195,C06419,4305
1196,C01847,4225
1197,C00860,4305
1198,C01121,4306
1199,C00016,1832
1200,C03298,4307
1201,C15996,4306
1202,C20267,4307
1203,C18872,4307
1204,C01152,4307
1205,C21100,4307
1206,C05691,4307
1207,C04582,4302
1208,C00884,4307
1209,C02565,4306
1210,C03277,4305
1211,C01007,4307
1212,C04233,4306
1213,C05708,4307
1214,C15485,4304
1215,C22238,4307
1216,C07480,4306
1217,C05130,4301
1218,C22025,4306
1219,C01352,4275
1220,C01100,4306
1221,C00068,1800
1222,Z00013,1836
1223,C22359,4307
1224,C15650,4305
1225,C00295,3829
1226,C16567,4307
1227,Z00021,4250
1228,C07481,4302
1229,C04327,4307
1230,C00251,2803
1231,C16356,4307
1232,C04259,4307
1233,C16675,4307
1234,C00378,4305
1235,C01210,4306
1236,C16358,4306
1237,C16563,4307
1238,Z00048,4307
1239,C05127,4305
1240,C22360,4307
1241,C01043,4307
1242,C16365,4307
1243,C03817,4307
1244,C22279,4307
1245,C01262,4307
1246,C05568,4307
1247,C04294,4307
1248,C00156,4269
1249,C00346,4305
1250,C00805,4299
1251,Z00047,1806
1252,C05125,4307
1253,C22024,4307
1254,C01103,3830
1255,C01267,4307
1256,C02835,4302
1257,C00108,3008
1258,C18054,4287
1259,C00254,2942
1260,C00177,4304
1261,C05381,4307
1262,C19679,4307
1263,C06050,4304
1264,C11355,4305
1265,C03646,4307
1266,C13378,4307
1267,C00587,4306
1268,C20710,4307
1269,C00885,3291
1270,C01432,4307
1271,C20772,4303
1272,C21017,4307
1273,C03028,4307
1274,C21294,4305
1275,C15651,4307
1276,C21026,4307
1277,C11437,4307
1278,C15606,4307
1279,C06010,4307
1280,C06006,3054
1281,C00166,4295
1282,C06655,4300
1283,C03993,4307
1284,C20773,4304
1285,C06202,4305
1286,C12305,4307
1287,C00811,4296
1288,C00292,4302
1289,C00146,4304
1290,C00900,4306
1291,C19830,4291
1292,C03167,4282
1293,C05835,4307
1294,C22210,4306
1295,C16519,3292
1296,C00826,4307
1297,C00633,4305
1298,C20634,4307
1299,C00568,4087
1300,C04302,3017
1301,C05712,4304
1302,C00350,4299
1303,C21107,4307
1304,C03005,4304
1305,C00503,4306
1306,C02734,4307
1307,C22233,4307
1308,C03217,4307
1309,C04437,4306
1310,C01755,4305
1311,C06680,4307
1312,C14097,4307
1313,C00189,4303
1314,C01179,4292
1315,C04604,4305
1316,C20953,4301
1317,C21497,4307
1318,C03067,4307
1319,C18797,4307
1320,C00158,4296
1321,C11434,4307
1322,C00105,3831
1323,C19686,4305
1324,C20885,4306
1325,C00548,4307
1326,C00079,3054
1327,C06203,4306
1328,C20726,4307
1329,C01328,4306
1330,C05131,4307
1331,C00106,4296
1332,C20559,4297
1333,C00810,4306
1334,C04039,4307
1335,C03742,4306
1336,C04438,4307
1337,C05713,4307
1338,C04272,4307
1339,C00299,4305
1340,C05350,4307
1341,C03964,4307
1342,C00601,4305
1343,C17010,4306
1344,C01302,3018
1345,C00741,4307
1346,C20646,4306
1347,C03351,4307
1348,C22101,4306
1349,C04181,4307
1350,C00015,4100
1351,C00921,4108
1352,C06656,4301
1353,C14463,3055
1354,C05817,3293
1355,C05607,4307
1356,C00082,3017
1357,C01197,4304
1358,C02737,4304
1359,C22072,4304
1360,C03494,4307
1361,C20843,4307
1362,C21085,4302
1363,C01403,4307
1364,C16999,4307
1365,C05973,4307
1366,C06011,4307
1367,C03590,4298
1368,C05682,4307
1369,C21272,4307
1370,C21306,4306
1371,C01402,4307
1372,C01450,4306
1373,C02265,4306
1374,C06451,4291
1375,C19831,4292
1376,C16423,4307
1377,C20775,4307
1378,C03557,4301
1379,C01241,4306
1380,C06772,4306
1381,C02763,4307
1382,C01270,4306
1383,C16700,4301
1384,C07331,4306
1385,C03765,4299
1386,C20657,4307
1387,C21307,4307
1388,C02083,4307
1389,C20579,4307
1390,C21473,4307
1391,C00075,4306
1392,C01168,4306
1393,C06771,4307
1394,C02993,4307
1395,C06007,3056
1396,C01468,4300
1397,C06204,4307
1398,C22021,4307
1399,C05974,4307
1400,C00167,4284
1401,C00415,4109
1402,C20895,4307
1403,C01612,4307
1404,C04227,4307
1405,C21408,4294
1406,C20782,4307
1407,C01869,4307
1408,C00483,4292
1409,C02730,3294
1410,C05853,4307
1411,C05332,4306
1412,C00029,4194
1413,C05143,4307
1414,C22102,4307
1415,C00642,4304
1416,C03044,4307
1417,C00043,4218
1418,C00113,4302
1419,C01769,4307
1420,C06044,4306
1421,C10434,4307
1422,C01170,4303
1423,C03584,4307
1424,C00526,4306
1425,C21889,4305
1426,C00429,4305
1427,C07086,4299
1428,C12323,4300
1429,C00052,4278
1430,C00466,4306
1431,C21971,4296
1432,C21086,4303
1433,C03506,3019
1434,C00141,1886
1435,C00475,4304
1436,C15809,4295
1437,C22004,4307
1438,C22073,4305
1439,C04308,4307
1440,C03493,4307
1441,C01494,4301
1442,C01368,4306
1443,C20800,4306
1444,C17017,4307
1445,C20562,4298
1446,C09789,4307
1447,C00813,4307
1448,C05678,4307
1449,C03030,4307
1450,C00463,4301
1451,C20353,4306
1452,C04631,4307
1453,C00078,3023
1454,C01359,4306
1455,C00611,4306
1456,C06040,4304
1457,C15976,4307
1458,C03996,4307
1459,C22293,4307
1460,C02666,4307
1461,C02355,4307
1462,C21634,4302
1463,C00183,3061
1464,C20245,4307
1465,C00881,4307
1466,C00101,4112
1467,C01088,4307
1468,C17582,4273
1469,C05593,4307
1470,C04359,4307
1471,C02442,4306
1472,C01158,4306
1473,C00365,4195
1474,C01623,4305
1475,Z00036,4305
1476,C03142,4307
1477,C06240,4305
1478,C06036,4307
1479,C00063,4264
1480,C00380,4307
1481,C05822,4306
1482,C03046,4307
1483,C19761,4300
1484,C09099,4307
1485,C11521,4307
1486,C00203,4302
1487,C16155,4305
1488,C20910,4301
1489,C22074,4306
1490,C03003,4307
1491,C04703,4307
1492,C04415,4307
1493,C16074,4298
1494,C16827,4307
1495,C02199,4302
1496,C04089,4307
1497,C00190,4300
1498,C17018,4307
1499,C00935,4305
1500,C02642,4307
1501,C02067,4307
1502,C03204,4307
1503,C02330,4307
1504,C19154,4297
1505,C19823,4291
1506,C21087,4304
1507,C02564,4307
1508,C20926,4302
1509,C04613,4296
1510,C02505,4307
1511,Z00022,4306
1512,C06746,4307
1513,C04573,4302
1514,C01050,4290
1515,C01288,4306
1516,C05927,4299
1517,C06364,4303
1518,C03848,4307
1519,C04639,4307
1520,C00055,4293
1521,C04641,4307
1522,C00966,4307
1523,C20849,4307
1524,C00671,3057
1525,C16401,4307
1526,C00617,4307
1527,C00504,4307
1528,C05005,4307
1529,C17759,4305
1530,C06046,4307
1531,C17355,4301
1532,C12210,4296
1533,C17328,4307
1534,C22142,4305
1535,C20563,4305
1536,C10945,4307
1537,C06365,4305
1538,Z00046,4252
1539,C01053,4307
1540,C21283,4306
1541,C00509,4261
1542,C22162,4297
1543,C02983,4307
1544,C00664,4298
1545,C19961,4304
1546,C22262,4307
1547,C22145,4303
1548,C20768,4305
1549,C20962,4307
1550,C09332,4307
1551,C20940,4305
1552,C00269,4307
1553,C22075,4307
1554,C20860,4307
1555,C00941,4307
1556,C04248,4307
1557,C04630,4299
1558,C13952,4306
1559,C21892,4301
1560,C00590,4293
1561,C03737,4307
1562,C01739,4307
1563,C05673,4304
1564,C00234,4304
1565,C22261,4307
1566,C01212,4291
1567,C22277,4299
1568,C01217,4300
1569,C11435,4307
1570,C06199,4307
1571,C00331,4302
1572,C00977,4307
1573,C21070,4303
1574,C20906,4307
1575,C19784,4301
1576,C00239,4302
1577,C02787,4306
1578,C19837,4307
1579,C15978,4307
1580,C06041,4306
1581,C04847,4307
1582,C00143,4187
1583,C00501,4299
1584,C22216,4304
1585,C00307,4305
1586,C00445,4307
1587,C00570,4306
1588,C19794,4307
1589,C00398,4298
1590,C22299,4307
1591,C12211,4297
1592,C18060,4306
1593,C00112,4304
1594,C00789,4307
1595,C16701,4303
1596,C01346,4307
1597,C22033,4305
1598,C02354,4307
1599,C03486,4307
1600,C16153,4306
1601,C17352,4306
1602,C00513,4307
1603,C02223,4307
1604,C22276,4302
1605,C04101,4307
1606,C00407,3061
1607,C06016,4307
1608,C20395,4303
1609,C00440,4305
1610,C20769,4305
1611,C00522,1894
1612,C01743,4274
1613,C00705,4307
1614,C21092,4307
1615,C01132,4307
1616,C20774,4306
1617,C20898,4307
1618,C00364,4196
1619,C21260,4301
1620,C22053,4307
1621,C16702,4304
1622,C16154,4307
1623,C00692,4293
1624,C12124,4307
1625,C00637,4306
1626,C22031,4306
1627,C22006,4307
1628,C05675,4306
1629,C20614,4307
1630,C20359,4304
1631,C05644,4307
1632,C00439,4299
1633,Z00011,4307
1634,C22164,4307
1635,C20941,4306
1636,C19153,4301
1637,C12206,4307
1638,C04377,4307
1639,C00460,4307
1640,C06672,4306
1641,C01219,4300
1642,C03495,4306
1643,C20455,4307
1644,C18911,4307
1645,C00927,4307
1646,C22247,4303
1647,C00761,4307
1648,C21289,4306
1649,C10833,4307
1650,C09833,4307
1651,C17701,4304
1652,C16492,4307
1653,C17351,4307
1654,C01709,4305
1655,C22245,4307
1656,C05928,4306
1657,Z00024,4307
1658,C06561,4302
1659,C01823,4307
1660,C19702,4302
1661,C18802,4306
1662,C03997,4305
1663,C20963,4307
1664,C00864,4305
1665,C06213,4307
1666,C05334,4307
1667,C21257,4305
1668,C22259,4306
1669,C02115,4307
1670,C11436,4307
1671,C22143,4306
1672,C00862,4304
1673,C09209,4307
1674,C20897,4306
1675,C05366,4302
1676,C16406,4307
1677,C04187,4307
1678,C04297,4301
1679,C01941,4307
1680,C22248,4304
1681,C19703,4303
1682,C19152,4304
1683,C19155,4306
1684,C22144,4307
1685,C03492,1897
1686,C11038,4306
1687,C22260,4307
1688,C00214,4296
1689,C06042,4307
1690,C00363,4209
1691,C16422,4306
1692,C00458,4307
1693,C16407,4307
1694,C19720,4307
1695,C21288,4307
1696,C05676,4307
1697,C00755,4306
1698,C18338,4307
1699,C22032,4307
1700,C02937,4301
1701,Z00028,4307
1702,C04330,4307
1703,C01460,4304
1704,C04877,4302
1705,C00954,4296
1706,C22270,4307
1707,C21633,4305
1708,C18002,4302
1709,C00955,4307
1710,C21255,4306
1711,C05929,4307
1712,C05892,4301
1713,C20942,4307
1714,C21265,4305
1715,C03680,4302
1716,C01045,4306
1717,C00876,4305
1718,C04352,1898
1719,C04024,4307
1720,C22224,4307
1721,C21261,4303
1722,C03598,4306
1723,C00459,4210
1724,C21266,4306
1725,C20635,4307
1726,C01788,4306
1727,C04197,4304
1728,C04882,4304
1729,C17326,4306
1730,C20925,4307
1731,C04211,4307
1732,C00785,4307
1733,C02693,4307
1734,C08521,4306
1735,C09806,4307
1736,C11039,4307
1737,C22249,4305
1738,C02938,4307
1739,C16674,4307
1740,C19156,4307
1741,C04702,4302
1742,C03479,4307
1743,C00178,4297
1744,C16666,4307
1745,C12628,4306
1746,C05572,4307
1747,C21262,4304
1748,C01080,4307
1749,C04804,4307
1750,C05837,4307
1751,C06432,4307
1752,C01917,4307
1753,C03599,4307
1754,C02097,4306
1755,C22250,4306
1756,C08532,4307
1757,C00842,4213
1758,C05281,4307
1759,C12629,4307
1760,C21028,4306
1761,C02376,4307
1762,C01134,1903
1763,C03868,4305
1764,C19151,4307
1765,C17327,4307
1766,C04079,4307
1767,C11907,4220
1768,C00831,4305
1769,C04611,4307
1770,C04488,4307
1771,C03034,4307
1772,Z00037,4307
1773,Z00038,4234
1774,C06017,4302
1775,C02170,4307
1776,C00882,1920
1777,C21029,4307
1778,C04695,4307
1779,C22251,4307
1780,C21351,4303
1781,C11926,4294
1782,C07277,4306
1783,C01678,4306
1784,C03319,4301
1785,C11908,4297
1786,C01205,4307
1787,C06620,4274
1788,C06002,4305
1789,C00688,4307
1790,C04171,4307
1791,C19960,4304
1792,C00010,1921
1793,C11930,4307
1794,C22264,4307
1795,C04346,4305
1796,C05556,4295
1797,C04268,4280
1798,C20884,4307
1799,C11922,4303
1800,C11925,4298
1801,C20682,4307
1802,C00798,4307
1803,C00566,4307
1804,C11928,4295
1805,C05338,4305
1806,C00083,4023
1807,C00406,4297
1808,C11918,4307
1809,C00630,4296
1810,Z00051,4307
1811,C02247,4294
1812,C11912,4297
1813,C03284,4307
1814,C00605,4307
1815,C03187,4307
1816,C00196,4298
1817,C00582,4301
1818,C05195,4306
1819,C12318,4301
1820,C03160,3295
1821,C00024,2345
1822,C18126,4307
1823,C00091,3145
1824,C12092,4305
1825,C15489,4307
1826,C03442,4306
1827,C05668,4307
1828,C00223,4245
1829,C02015,4307
1830,C00531,4306
1831,C21352,4304
1832,C20394,4306
1833,C19685,4307
1834,C21350,4307
1835,C18125,4306
1836,C06028,4307
1837,C00920,4307
1838,C02949,4307
1839,C00349,4305
1840,C21030,4307
1841,C11460,4306
1842,C00040,4289
1843,C00100,4262
1844,C00323,4299
1845,C01213,4307
1846,C11909,4282
1847,C07305,4307
1848,C19947,4305
1849,C15980,4306
1850,C20447,4306
1851,C06001,4307
1852,C04348,4307
1853,C00527,4270
1854,C00313,4306
1855,C11062,4307
1856,C03237,4307
1857,C20653,4305
1858,C05608,4299
1859,C22205,4307
1860,C21169,4307
1861,C06715,4271
1862,C00264,4307
1863,C10497,4307
1864,C07351,4307
1865,C21353,4305
1866,C12481,4307
1867,C03156,4307
1868,C04016,4307
1869,C20462,4307
1870,C00163,4307
1871,C00683,4289
1872,C20746,4307
1873,C12319,4305
1874,C11933,4300
1875,C01011,4306
1876,C20677,4307
1877,C02504,4307
1878,C03537,4307
1879,C05989,4307
1880,C20747,4307
1881,C05598,4307
1882,C21073,4306
1883,C22087,4306
1884,C00479,4304
1885,C05595,4307
1886,C00430,3184
1887,C08650,4286
1888,C12366,4304
1889,C17366,4304
1890,C00512,4300
1891,C21613,4306
1892,C17743,4307
1893,C18799,4307
1894,C01188,4306
1895,C02876,4307
1896,C03058,4307
1897,C21914,4307
1898,C20803,4305
1899,C20415,4306
1900,C02997,4307
1901,C00827,4307
1902,C02130,4307
1903,C05596,4307
1904,C02232,4286
1905,C03002,4307
1906,C12088,4307
1907,C12208,4307
1908,C18326,4307
1909,C03460,4307
1910,C00090,4304
1911,C15525,4305
1912,C02488,4307
1913,C15547,4307
1914,C12203,4307
1915,C17741,4307
1916,C03582,4304
1917,C12093,4306
1918,C05223,4298
1919,C11927,4301
1920,C18035,4296
1921,C12324,4305
1922,C01122,4307
1923,C00877,4305
1924,C02927,4307
1925,C21604,4307
1926,C02183,4306
1927,C00658,4304
1928,C02331,4307
1929,C22257,4307
1930,C22252,4303
1931,C18325,4307
1932,C04209,4307
1933,C05620,4307
1934,C03341,4307
1935,C20156,4307
1936,C00332,4303
1937,C22237,4307
1938,C16405,4306
1939,C07447,4305
1940,C18032,4304
1941,C21651,4303
1942,C07303,4307
1943,C06027,4307
1944,C06355,4307
1945,C00852,4306
1946,C03724,4307
1947,C21913,4304
1948,C21452,4306
1949,C19948,4307
1950,C04017,4307
1951,C06717,4304
1952,C06625,4307
1953,C21175,4307
1954,C02717,4307
1955,C04498,4307
1956,C05135,4307
1957,C03147,4307
1958,C03296,4307
1959,C00904,4307
1960,C03345,4306
1961,C19971,4305
1962,C11910,4283
1963,C03344,4307
1964,C04015,4307
1965,C18323,4307
1966,C02572,4307
1967,C20225,4302
1968,C17740,4307
1969,C20357,4305
1970,C21403,4307
1971,C03519,4307
1972,C04033,4304
1973,C02411,4306
1974,C03657,3298
1975,C04148,4307
1976,C20672,4307
1977,C17263,4307
1978,C21609,4307
1979,C04767,4307
1980,C16579,4307
1981,C02947,4307
1982,C16583,4295
1983,C05996,4307
1984,C06000,4307
1985,C19725,4305
1986,C21608,4307
1987,C17210,4290
1988,C18069,4306
1989,C21873,4299
1990,C20856,4304
1991,C07565,4307
1992,C03135,4307
1993,C21137,4307
1994,C05821,4300
1995,C06018,4307
1996,C06986,4307
1997,C01857,4307
1998,C00894,4306
1999,C02557,4274
2000,C19750,4307
2001,C01144,4306
2002,C00411,4304
2003,C04512,4307
2004,C08511,4307
2005,C21074,4307
2006,C01502,4307
2007,C00774,4305
2008,C19745,4306
2009,C00931,3187
2010,C18026,4297
2011,C14145,4287
2012,C18033,4305
2013,C10453,4305
2014,C12367,4306
2015,C11915,4297
2016,C11920,4303
2017,C03561,4307
2018,C06762,4306
2019,C04405,4307
2020,C05901,4307
2021,C05231,4307
2022,C12320,4306
2023,C04411,4307
2024,C06719,4307
2025,C17742,4307
2026,C03141,4307
2027,C17941,4307
2028,C01086,4307
2029,C21071,4307
2030,C22185,4307
2031,C06322,4305
2032,C10447,4307
2033,C22253,4304
2034,C00164,4297
2035,C10443,4305
2036,C20968,4307
2037,C20581,4307
2038,C10722,4307
2039,C09762,4292
2040,C00511,4305
2041,C05631,4275
2042,C00815,4307
2043,C17264,4307
2044,C11961,4304
2045,C09756,4307
2046,C06182,4306
2047,C16268,4306
2048,C20154,4307
2049,C21354,4306
2050,C00136,4300
2051,C16597,4297
2052,C17367,4305
2053,C01586,4307
2054,C03943,4307
2055,C02948,4307
2056,C02646,4300
2057,C04047,4307
2058,C20424,4306
2059,C20654,4306
2060,C11911,4284
2061,C10287,4307
2062,C00640,4307
2063,C09820,4307
2064,C21645,4304
2065,C07118,4307
2066,C22180,4302
2067,C00779,4305
2068,C06718,4307
2069,C03652,4307
2070,C02631,4307
2071,C06356,4307
2072,C19972,4306
2073,C15685,4299
2074,C11502,4307
2075,C10469,4306
2076,C02137,4304
2077,C05619,4307
2078,C03062,4307
2079,C03712,4307
2080,C05117,4307
2081,C05116,4307
2082,C18235,4307
2083,C12204,4307
2084,C22258,4307
2085,C17212,4291
2086,C02800,4307
2087,C05758,4299
2088,C03741,4307
2089,C15531,4307
2090,C05979,4306
2091,C22091,4307
2092,C16408,4306
2093,C02335,4307
2094,C02214,4307
2095,C21453,4307
2096,C08578,4304
2097,C16622,4307
2098,C06714,4272
2099,C00356,2862
2100,C00846,4307
2101,C11989,4302
2102,C00180,4253
2103,C04170,4307
2104,C22039,3307
2105,C18070,4307
2106,C11953,4304
2107,C00423,4268
2108,C04236,4307
2109,C09825,4307
2110,C09815,4307
2111,C20955,4307
2112,C09819,4307
2113,C02222,4303
2114,C03656,4307
2115,C11916,4298
2116,C00482,4302
2117,C10454,4307
2118,C03761,4307
2119,C01024,3188
2120,C06761,4307
2121,C06749,4307
2122,C20645,4307
2123,C20238,4306
2124,C22181,4304
2125,C09821,4307
2126,C06183,4307
2127,C20082,4307
2128,C20240,4307
2129,C05269,4307
2130,C14144,4288
2131,C20465,4303
2132,C03197,4307
2133,C22188,4307
2134,C00261,4305
2135,C10208,4301
2136,C00233,3060
2137,C01604,4307
2138,C16272,4307
2139,C09809,4307
2140,C02866,4307
2141,C12321,4307
2142,C12000,4300
2143,C00922,4307
2144,C09614,4305
2145,C21657,4305
2146,C00418,2864
2147,C06723,4273
2148,C00207,4303
2149,C17265,4307
2150,C20327,4307
2151,C03586,4307
2152,C05907,4307
2153,C22038,4306
2154,C20418,4307
2155,C17749,4306
2156,C00246,4307
2157,C10478,4307
2158,C16267,4307
2159,C22246,4307
2160,C01659,4307
2161,C15524,4307
2162,C21395,4307
2163,C22254,4305
2164,C06144,4305
2165,C04022,4307
2166,C02253,4307
2167,C16588,4298
2168,C17211,4292
2169,C05067,4307
2170,C18034,4307
2171,C00355,4283
2172,C05757,4300
2173,C05855,4307
2174,C01412,4306
2175,C07114,4307
2176,C02527,4307
2177,C03526,4307
2178,C01984,4307
2179,C05610,4307
2180,C01998,4307
2181,C11497,4303
2182,C01173,4306
2183,C16273,4307
2184,C20224,4307
2185,C15684,4300
2186,C01983,4306
2187,C12205,4306
2188,C21170,4307
2189,C21355,4307
2190,C03231,4307
2191,C01744,4307
2192,C01089,4307
2193,C06337,4305
2194,C01989,4307
2195,C09814,4307
2196,C09810,4307
2197,C11354,4307
2198,C06603,4307
2199,C00561,4304
2200,C01408,4307
2201,C15974,4307
2202,C05766,4304
2203,C04164,4303
2204,C06145,4306
2205,C00123,3062
2206,C10216,4306
2207,C04431,4307
2208,C01372,4306
2209,C12001,4301
2210,C01063,4274
2211,C05756,4301
2212,C20870,4307
2213,C20464,4306
2214,C01845,4307
2215,C19682,4306
2216,C22255,4306
2217,C21450,4307
2218,C00933,4307
2219,C02325,4305
2220,C08276,4307
2221,C04105,4307
2222,C12621,4307
2223,C03290,4307
2224,C05268,4307
2225,C12125,4307
2226,C11496,4306
2227,C03676,4307
2228,C04045,4307
2229,C19945,4305
2230,C01186,4307
2231,C09818,4307
2232,C00540,4297
2233,C02919,4307
2234,C07301,4307
2235,C11498,4306
2236,C00858,4305
2237,C20847,4306
2238,C01107,4307
2239,C17750,4307
2240,C00772,4307
2241,C02939,4304
2242,C15567,4307
2243,C22182,4306
2244,C14610,4307
2245,C16598,4299
2246,C17214,4293
2247,C03758,4262
2248,C07113,4306
2249,C06142,4307
2250,C12838,4307
2251,C01175,4305
2252,C07479,4307
2253,C02659,4306
2254,C14143,4294
2255,C16930,4306
2256,C02295,4307
2257,C01850,4307
2258,C01051,3193
2259,C00556,4305
2260,C22187,4307
2261,C01624,4307
2262,C16190,4307
2263,C02469,4307
2264,C05271,4307
2265,C01745,4307
2266,C06357,4307
2267,C20345,4307
2268,C19683,4307
2269,C12231,4307
2270,C02656,4307
2271,C06160,4304
2272,C06104,4295
2273,C22186,4307
2274,C02887,4307
2275,C04275,4307
2276,C05768,4306
2277,C05767,4307
2278,C06358,4307
2279,C12537,4307
2280,C05587,4306
2281,C00844,4306
2282,C11507,4307
2283,C02710,4307
2284,C17215,4294
2285,C20582,4307
2286,C01533,4307
2287,C11348,4307
2288,C16404,4302
2289,C20964,4307
2290,C06146,4307
2291,C10428,4307
2292,C15527,4307
2293,C07350,4307
2294,C01594,4307
2295,C02480,4307
2296,C16191,4307
2297,C03263,4306
2298,C07478,4307
2299,C22256,4307
2300,C01143,4307
2301,C20673,4307
2302,C00903,4305
2303,C11506,4307
2304,C19946,4306
2305,C16600,4301
2306,C06359,4307
2307,C10509,4306
2308,C00017,3065
2309,C02463,4306
2310,C03069,4306
2311,C20848,4307
2312,C09813,4303
2313,C15513,4307
2314,C01092,4281
2315,C06360,4307
2316,C10452,4307
2317,C00342,4304
2318,C09827,4303
2319,Z00019,3262
2320,C02745,4304
2321,C16471,4307
2322,C16222,4307
2323,C05769,4307
2324,C15810,4279
2325,C02869,4304
2326,C06161,4305
2327,C17216,4295
2328,C00229,4193
2329,C05998,4307
2330,C00562,4307
2331,C22158,4287
2332,C01079,4307
2333,C19684,4307
2334,C00129,2871
2335,C02394,4306
2336,C08325,4307
2337,C05772,4307
2338,C04425,4307
2339,C03688,4307
2340,C16589,4302
2341,C06760,4307
2342,C05357,4305
2343,C06102,4296
2344,C04253,4306
2345,C09812,4304
2346,C22157,4287
2347,C05778,4241
2348,Z00061,4307
2349,C05358,4305
2350,Z00018,4307
2351,C00343,4304
2352,C19975,4307
2353,C15814,4280
2354,C04570,4306
2355,C05270,4297
2356,Z00052,4304
2357,C01140,4307
2358,C01037,4289
2359,C02315,4307
2360,C02582,4307
2361,C09811,4305
2362,C00748,4307
2363,C01020,4305
2364,C15998,4307
2365,C17744,4307
2366,C21343,4306
2367,C05403,4306
2368,C01209,4279
2369,C22236,4307
2370,C21510,4303
2371,C12355,4305
2372,C05731,4307
2373,C05176,4306
2374,C20413,4301
2375,C17218,4296
2376,C12356,4307
2377,C21357,4307
2378,C08313,4307
2379,C05629,4306
2380,C02191,3309
2381,C21129,4307
2382,C16590,4303
2383,C16469,4307
2384,C12348,4305
2385,C03733,4307
2386,C20729,4307
2387,C18337,4307
2388,C01455,4306
2389,C11538,4247
2390,C00173,4295
2391,C05267,4307
2392,C11811,4306
2393,C20062,4307
2394,C06051,4303
2395,C00235,2874
2396,C12441,4306
2397,Z00027,4307
2398,C01909,4291
2399,C05924,4281
2400,C12350,4307
2401,C21437,4307
2402,C03289,4307
2403,C18902,4307
2404,C15999,4307
2405,C02989,4307
2406,C05755,4302
2407,C21505,4301
2408,C18006,4304
2409,C06517,4285
2410,C18094,4307
2411,C00969,4306
2412,C03939,4307
2413,C15813,4307
2414,C21108,4307
2415,C00906,4307
2416,C02378,4304
2417,C17746,4307
2418,C06105,4302
2419,Z00003,4289
2420,C09817,4307
2421,C06103,4307
2422,C19845,4301
2423,C12354,4305
2424,C12299,4307
2425,C00120,4301
2426,C20636,4307
2427,C22370,4307
2428,C02657,4305
2429,C12442,4307
2430,C18052,4307
2431,C11997,4303
2432,C01147,4303
2433,C04773,4305
2434,C22368,4307
2435,C06052,4307
2436,C21506,4305
2437,C00693,4307
2438,C21344,4307
2439,C16416,4305
2440,C05266,4307
2441,C05754,4305
2442,C05202,4307
2443,C19848,4282
2444,C02457,4307
2445,C21430,4307
2446,C12456,4305
2447,C19767,4307
2448,C09654,4307
2449,C22163,4307
2450,Z00025,3256
2451,C18327,4306
2452,C20983,4307
2453,C01255,4306
2454,C11453,4307
2455,C16426,4307
2456,C03516,3310
2457,C21511,4304
2458,C05847,4283
2459,C09823,4306
2460,C06593,4307
2461,C20512,4307
2462,C16424,4307
2463,C18051,4307
2464,C16593,4304
2465,C02916,4307
2466,Z00057,4288
2467,C05759,4307
2468,C04290,4306
2469,Z00005,4299
2470,C00174,4307
2471,C00685,4307
2472,C04226,4307
2473,C11457,4307
2474,C19673,4307
2475,C06518,4307
2476,C16521,4307
2477,C04713,4304
2478,C18330,4306
2479,C16468,4307
2480,C09816,4307
2481,C01198,4307
2482,C21507,4305
2483,C18049,4306
2484,C18023,4307
2485,C00341,2927
2486,C17401,4248
2487,C21784,4307
2488,C18007,4305
2489,C19846,4302
2490,C22369,4307
2491,C17745,4307
2492,C02569,4306
2493,C22165,4300
2494,C11993,4303
2495,C18333,4306
2496,C06520,4304
2497,C20417,4302
2498,C05394,4307
2499,C00032,4283
2500,C19760,4304
2501,C05744,4307
2502,C17219,4297
2503,C21835,4305
2504,C03240,4300
2505,C11540,4249
2506,C18234,4307
2507,C01108,4307
2508,C06304,4307
2509,Z00059,4307
2510,C21448,4307
2511,C19818,4307
2512,C05785,4307
2513,C21312,4306
2514,C21203,4307
2515,C16470,4307
2516,C06306,4307
2517,C06076,4307
2518,C21445,4307
2519,C02462,4307
2520,C20378,4303
2521,C19736,4307
2522,C04619,4307
2523,C12313,4307
2524,C04618,4307
2525,C16417,4306
2526,C21630,4305
2527,C20372,4307
2528,C20242,4307
2529,C04180,4306
2530,C06099,4305
2531,C06307,4307
2532,C01500,4306
2533,C21512,4305
2534,C20386,4307
2535,C15807,4307
2536,C01893,4307
2537,C09873,4307
2538,C16594,4305
2539,C00027,4169
2540,C19737,4307
2541,C05552,4305
2542,C18131,4307
2543,C09898,4307
2544,C06305,4307
2545,C20664,4307
2546,C04145,4304
2547,C03739,4307
2548,C01894,4307
2549,C00126,4304
2550,C20244,4307
2551,C01772,4304
2552,C18328,4307
2553,C21702,4307
2554,C22338,4306
2555,C18334,4307
2556,C11393,4307
2557,C05276,4307
2558,C06074,4307
2559,C11388,4307
2560,C00996,4095
2561,C20241,4307
2562,C06021,4306
2563,C11389,4307
2564,C18331,4307
2565,C09844,4307
2566,C04043,4307
2567,C05627,4307
2568,C18008,4306
2569,C19735,4307
2570,C21284,4307
2571,C04688,4307
2572,C11994,4304
2573,C20486,4307
2574,C09900,4307
2575,C01271,4301
2576,C06075,4307
2577,C20410,4307
2578,C11998,4304
2579,C20406,4303
2580,C00448,2974
2581,C00999,4095
2582,C09839,4307
2583,C09871,4307
2584,C20235,4306
2585,C15806,4307
2586,C16159,4307
2587,C11382,4307
2588,Z00010,4155
2589,C18233,4307
2590,C16427,4305
2591,C03190,4303
2592,C17883,4307
2593,C01467,4307
2594,C18237,4286
2595,C07083,4299
2596,C03161,4254
2597,C01071,4307
2598,C02344,4306
2599,C22204,4306
2600,C15804,4307
2601,C21447,4307
2602,C03024,4254
2603,C05783,4307
2604,C21446,4307
2605,C19847,4301
2606,C06308,4307
2607,C09822,4307
2608,C05784,4307
2609,C05848,4291
2610,C00521,4302
2611,C06224,4307
2612,C18061,4307
2613,C20988,4307
2614,C00924,4306
2615,C02105,4292
2616,C04536,3311
2617,C00125,4304
2618,C22173,4307
2619,C20230,4305
2620,C17220,4298
2621,C21603,4307
2622,C16826,4305
2623,C01010,4300
2624,C01070,4307
2625,C09902,4307
2626,C19741,4307
2627,C20172,4307
2628,C02004,4307
2629,C11387,4307
2630,C16286,4307
2631,C19754,4307
2632,C16814,4307
2633,C09541,4307
2634,C17432,4307
2635,C20163,4307
2636,C05807,4307
2637,C09663,4307
2638,C20801,4307
2639,C20804,4307
2640,C01126,4303
2641,Z00031,4290
2642,C16144,4303
2643,C22174,4307
2644,C18321,4307
2645,C00088,4306
2646,C02452,4304
2647,C21686,4307
2648,C00887,4306
2649,C09699,4307
2650,C17467,4307
2651,C06250,4306
2652,C20178,4307
2653,C01371,4287
2654,C01765,4304
2655,C16143,4307
2656,C21694,4307
2657,C09639,4307
2658,C22339,4307
2659,C09665,4307
2660,C01230,4301
2661,C00751,4153
2662,C21685,4307
2663,C22048,4307
2664,C22043,4307
2665,C20477,4307
2666,C05770,4307
2667,C05819,4302
2668,C20576,4307
2669,C20479,4307
2670,C21679,4307
2671,C16775,4303
2672,C06394,4307
2673,C19753,4307
2674,C21698,4307
2675,C20373,4307
2676,C19893,4307
2677,C03115,4307
2678,C01841,4297
2679,C16390,4307
2680,C19744,4307
2681,C17592,4304
2682,C01093,4307
2683,C11539,4307
2684,C00353,3166
2685,C20273,4307
2686,C22302,4307
2687,C20162,4307
2688,C04574,4278
2689,C19747,4307
2690,C20159,4307
2691,C20177,4307
2692,C20174,4307
2693,C06020,4307
2694,C22272,4307
2695,C16142,4307
2696,C03985,4307
2697,C05158,4305
2698,C20161,4307
2699,C21710,4307
2700,C21693,4307
2701,C09664,4307
2702,C17277,4307
2703,C01499,4307
2704,C10641,4300
2705,C19871,4307
2706,C20233,4307
2707,C20121,4307
2708,C20182,4307
2709,C16075,4299
2710,C20377,4304
2711,C09666,4307
2712,C09648,4307
2713,C15672,4304
2714,C16242,4251
2715,C22209,4306
2716,C21707,4307
2717,C04146,4303
2718,C19908,4307
2719,C20712,4307
2720,C20724,4307
2721,C00923,4307
2722,C19734,4307
2723,C16028,4307
2724,C16269,4304
2725,C21660,4307
2726,C21695,4307
2727,C21486,4307
2728,C05753,4307
2729,C19738,4307
2730,C04083,4306
2731,C04628,4306
2732,C01860,4307
2733,C12142,4307
2734,C20179,4307
2735,C19748,4307
2736,C22045,4307
2737,C09750,4307
2738,C22085,4301
2739,C21680,4302
2740,C19743,4306
2741,C20243,4307
2742,C09718,4307
2743,C21700,4307
2744,C19742,4307
2745,C04216,4301
2746,C18245,4307
2747,C05777,4307
2748,C16776,4307
2749,C00533,4306
2750,C19708,4307
2751,C21491,4307
2752,C01944,4140
2753,C01001,4306
2754,C19749,4307
2755,C20175,4307
2756,C09704,4306
2757,C20274,4307
2758,C04246,4307
2759,C20184,4307
2760,C05986,4307
2761,C05102,4307
2762,C03428,4303
2763,C19619,4307
2764,C16141,4307
2765,C21715,4307
2766,C19756,4307
2767,C09847,4307
2768,C21705,4307
2769,C20480,4307
2770,C21681,4307
2771,C16466,4307
2772,C09723,4307
2773,C21485,4307
2774,C20794,4307
2775,C20180,4307
2776,C06111,4307
2777,C20275,4307
2778,C19740,4307
2779,C09672,4307
2780,C21689,4307
2781,C21684,4307
2782,C21676,4307
2783,C21690,4307
2784,C21677,4307
2785,C09684,4307
2786,C20811,4307
2787,C19755,4307
2788,C19746,4307
2789,C03885,4307
2790,C20173,4307
2791,C20478,4307
2792,C19973,4306
2793,C11356,4301
2794,C17222,4299
2795,C21313,4307
2796,C01161,4307
2797,C21708,4307
2798,Z00012,4307
2799,C20476,4307
2800,C20272,4307
2801,C20937,4307
2802,C16829,4307
2803,C21631,4306
2804,C22203,4307
2805,C20181,4307
2806,C09629,4307
2807,C22044,4307
2808,C07111,4303
2809,C19861,4307
2810,C21658,4306
2811,C04675,4307
2812,C20681,4306
2813,C00366,4304
2814,C20276,4306
2815,C05809,4304
2816,C18229,4307
2817,Z00007,4307
2818,C21654,4305
2819,C20834,4305
2820,C05745,4307
2821,C17435,4302
2822,C20270,4305
2823,C05752,4302
2824,C16145,4307
2825,C01438,4307
2826,C19935,4307
2827,C20924,4307
2828,C22110,4307
2829,C20922,4307
2830,C03461,4305
2831,C05582,4307
2832,C06310,4304
2833,C07330,4305
2834,C05413,4307
2835,C20376,4305
2836,C16461,4307
2837,C21765,4307
2838,C22108,4307
2839,C11901,4296
2840,C19834,4307
2841,C22160,4306
2842,C06309,4307
2843,C05427,3307
2844,C21718,4307
2845,C21672,4303
2846,C21717,4307
2847,C06084,4307
2848,C21727,4306
2849,C21706,4307
2850,C22340,4305
2851,C01804,4307
2852,C17439,4307
2853,C11902,4300
2854,C21687,4307
2855,C22208,4307
2856,C19714,4304
2857,C05265,4141
2858,C19752,4304
2859,C19816,4307
2860,C02930,4307
2861,C15670,4305
2862,C04832,4307
2863,C11481,4305
2864,C22052,4307
2865,C01104,4307
2866,C19836,4306
2867,C21116,4307
2868,C19815,4306
2869,C04217,4301
2870,C21688,4307
2871,C19974,4307
2872,C11338,4307
2873,C06083,4307
2874,C00828,4303
2875,C21670,4307
2876,C03220,4307
2877,C19840,4307
2878,C22055,4307
2879,C00808,4306
2880,C03427,4307
2881,C05839,4306
2882,C22109,4307
2883,C09094,4307
2884,C04419,4307
2885,C05178,4305
2886,C13425,4303
2887,C09140,4307
2888,C20525,4283
2889,C21661,4307
2890,C20158,4307
2891,C21735,4307
2892,C17223,4300
2893,C20923,4307
2894,C02576,4305
2895,C00244,4307
2896,C00609,4288
2897,Z00050,4307
2898,C20432,4304
2899,C01414,4307
2900,C20412,4307
2901,C11894,4307
2902,C21726,4307
2903,C09183,4307
2904,C22084,4302
2905,C19852,4307
2906,C19797,4307
2907,C06089,4289
2908,C20411,4307
2909,C07112,4307
2910,C05421,4294
2911,C21656,4306
2912,C01274,4307
2913,C04590,4304
2914,C01548,4307
2915,C16243,4252
2916,C17556,4279
2917,C05746,4307
2918,C05897,4306
2919,C11877,4304
2920,C06554,4304
2921,C20481,4307
2922,C18211,4307
2923,C21117,4305
2924,C05581,4307
2925,C20434,4307
2926,C21729,4307
2927,C21675,4307
2928,C19810,4307
2929,C11924,4306
2930,C05810,4305
2931,C19814,4307
2932,C04851,4304
2933,C01289,4297
2934,C06555,4307
2935,C22341,4306
2936,C20185,4307
2937,C20375,4306
2938,C05264,4142
2939,C11880,4307
2940,C18228,4307
2941,C21673,4307
2942,C18224,4307
2943,C21716,4307
2944,C01291,4307
2945,C18223,4307
2946,C15867,4304
2947,C05432,4215
2948,C21709,4307
2949,C05431,4298
2950,C17434,4303
2951,C22319,4307
2952,C21728,4307
2953,C22159,4307
2954,C15973,4307
2955,C20435,4307
2956,C21725,4307
2957,C15857,4305
2958,C05751,4303
2959,C21720,4307
2960,C22329,4306
2961,C21701,4307
2962,C16502,4306
2963,C05430,4307
2964,C20433,4307
2965,C20620,4303
2966,C17440,4307
2967,C11879,4307
2968,C11878,4307
2969,C05414,4307
2970,C05513,4307
2971,C20423,4307
2972,C06547,4307
2973,C21653,4306
2974,C20145,4306
2975,C19841,4307
2976,C20475,4307
2977,C18225,4306
2978,C19817,4307
2979,C17224,4301
2980,C20683,4307
2981,C11890,4306
2982,C21711,4307
2983,C17558,4307
2984,C19772,4307
2985,C04638,4305
2986,C16818,4307
2987,C06516,4307
2988,C06676,4306
2989,C22008,4305
2990,C22027,4307
2991,C00347,4294
2992,C20155,4307
2993,C06423,4307
2994,C06086,4307
2995,C09555,4307
2996,C04507,4304
2997,C21703,4307
2998,C13309,3308
2999,C21714,4307
3000,C20711,4306
3001,C05838,4307
3002,C16465,4307
3003,C11542,4253
3004,C11881,4307
3005,C06090,4307
3006,C18226,4303
3007,C05893,4305
3008,C15858,4307
3009,C05747,4307
3010,C11543,4255
3011,C22058,4302
3012,C22056,4306
3013,C08734,4305
3014,C08613,4305
3015,C16255,4307
3016,C21780,4306
3017,C00339,4297
3018,C21493,4307
3019,C16254,4307
3020,C15892,4301
3021,C15977,4307
3022,C20497,4306
3023,C14146,4307
3024,C04080,4307
3025,C21674,4307
3026,C15979,4307
3027,C05435,4298
3028,C04305,4307
3029,C08586,4304
3030,C00638,4304
3031,C16503,4307
3032,C02094,4248
3033,C20518,4307
3034,C06675,4307
3035,C04881,4307
3036,C11541,4307
3037,C20374,4307
3038,C20617,4307
3039,C22328,4307
3040,C04620,4304
3041,C15972,4304
3042,C21800,4307
3043,C17226,4302
3044,C06088,4307
3045,C02972,4307
3046,C21018,4307
3047,C21084,3309
3048,C05434,4306
3049,C18059,4307
3050,C21425,4307
3051,C11929,4307
3052,C20621,4304
3053,C17959,4305
3054,C19764,4307
3055,C20619,4307
3056,C05275,4143
3057,C05898,4307
3058,C20618,4307
3059,C01920,4307
3060,C22342,4307
3061,C21118,4306
3062,C15975,4307
3063,C17436,4304
3064,C04830,4307
3065,C19795,4294
3066,C05274,4144
3067,C03313,3310
3068,C22057,4307
3069,C04724,4306
3070,C22059,4303
3071,C16291,4307
3072,C02051,4307
3073,C20622,4305
3074,C15895,4307
3075,C03129,4298
3076,C17227,4303
3077,C08733,4306
3078,C05750,4305
3079,C11545,4257
3080,C03715,4298
3081,C16340,4307
3082,C15907,4307
3083,C15886,4305
3084,C15910,4307
3085,C15943,4307
3086,C16276,4307
3087,C16241,4307
3088,C15898,4303
3089,C20498,4307
3090,C20484,4304
3091,C05894,4307
3092,C16238,4307
3093,C15874,4301
3094,C16270,4306
3095,C01242,4307
3096,C17437,4305
3097,C15859,4304
3098,C19894,4307
3099,C05433,4306
3100,C22083,4307
3101,C15908,4305
3102,C04202,4307
3103,C16244,4307
3104,C21123,4307
3105,C21781,4307
3106,C21763,4307
3107,C22161,4306
3108,C02147,4307
3109,C03968,4301
3110,C02059,3311
3111,C15860,4306
3112,C05749,4306
3113,C02446,4307
3114,C15887,4306
3115,C15900,4304
3116,C16271,4307
3117,C20625,4306
3118,C15861,4307
3119,C08737,4307
3120,C05773,4258
3121,C22060,4304
3122,C17228,4304
3123,C05263,4145
3124,C04808,4307
3125,C15877,4302
3126,C15911,4306
3127,C17438,4306
3128,C15888,4307
3129,C19724,4307
3130,C17230,4305
3131,C20626,4307
3132,C00007,3312
3133,C04509,4307
3134,C06504,4260
3135,C15902,4307
3136,C02773,4307
3137,C22347,4305
3138,C01264,4307
3139,C15914,4307
3140,C04476,4307
3141,C05748,4307
3142,C16347,4307
3143,C15878,4303
3144,C05262,4146
3145,C01028,4304
3146,C21826,4307
3147,C20741,4307
3148,C20526,4284
3149,C17204,4307
3150,C15905,4307
3151,C16410,4307
3152,C20994,4304
3153,C00974,4285
3154,C21624,4307
3155,C19081,4307
3156,C20232,4306
3157,C03410,4307
3158,C05557,4296
3159,C20760,4302
3160,C02213,4306
3161,C08577,4307
3162,C22169,4304
3163,C16359,4307
3164,C10974,4307
3165,C12623,4306
3166,C11995,4307
3167,C05842,4307
3168,C15523,4307
3169,C04366,4307
3170,C21758,4307
3171,C22166,4307
3172,C21891,4307
3173,C00376,4290
3174,C06318,4307
3175,C17953,4307
3176,C00722,4307
3177,C17349,4307
3178,C05200,4304
3179,C21623,4307
3180,C15500,4306
3181,C01054,4164
3182,C20857,4305
3183,C21411,4295
3184,C09751,4306
3185,C06533,4307
3186,C01592,4306
3187,C11829,4307
3188,C22300,4306
3189,C21330,4301
3190,C22011,4307
3191,C21893,4303
3192,C15879,4304
3193,C17554,4307
3194,C10784,4306
3195,C05856,4307
3196,C11631,4307
3197,C17203,4307
3198,C04592,4307
3199,C21329,4307
3200,C21886,4307
3201,C21625,4307
3202,C05827,4306
3203,C00628,4303
3204,C00988,4307
3205,C04044,4306
3206,C11588,4307
3207,C03198,4306
3208,C21894,4307
3209,C22012,4306
3210,C03230,4307
3211,C21805,4304
3212,C16828,4307
3213,C21827,4305
3214,C20396,4306
3215,C01378,4306
3216,C17255,4307
3217,C19712,4307
3218,C20993,4307
3219,C12457,4306
3220,C12325,4306
3221,C00547,4298
3222,C21803,4307
3223,C00530,4304
3224,C04796,4307
3225,C17954,4307
3226,C05133,4305
3227,C16357,4307
3228,C09826,4305
3229,C20256,4306
3230,C22349,4307
3231,C11962,4305
3232,C21762,4302
3233,C16355,4307
3234,C01477,4297
3235,C20313,4307
3236,C11990,4303
3237,C21978,4306
3238,C05165,4306
3239,C07271,4307
3240,C05565,4306
3241,C03820,4305
3242,C06727,4305
3243,C06732,4307
3244,C05811,4306
3245,C05834,4307
3246,C22146,4304
3247,C20351,4307
3248,C17955,4307
3249,C01993,4307
3250,C20807,4307
3251,C22314,4307
3252,C19721,4307
3253,C12123,4307
3254,C21619,4307
3255,C02814,4305
3256,C20850,4307
3257,C11996,4307
3258,C21263,4305
3259,C01215,4307
3260,C06506,4265
3261,C01514,4297
3262,C07084,4305
3263,C02923,4306
3264,C00643,4286
3265,C03671,4307
3266,C01059,4307
3267,C17583,4307
3268,C12368,4307
3269,C04690,4306
3270,C05843,4307
3271,C03861,4307
3272,C12314,4307
3273,C00822,4294
3274,C07189,4307
3275,C06316,4307
3276,C03114,4267
3277,C20692,4305
3278,C21124,4305
3279,C03196,4307
3280,C21954,4304
3281,C17758,4296
3282,C06503,4305
3283,C21622,4306
3284,C11500,4307
3285,C03241,4307
3286,C00632,4296
3287,C08590,4307
3288,C06321,4307
3289,C11954,4305
3290,C03666,4307
3291,C05658,4304
3292,C01542,4307
3293,C21723,4307
3294,C18473,4306
3295,C18009,4307
3296,C00606,4305
3297,C15502,4307
3298,C01133,4306
3299,C21843,4307
3300,C17755,4305
3301,C20739,4307
3302,C19938,4298
3303,C20330,4307
3304,C20701,4305
3305,C21794,4307
3306,C15903,4307
3307,C03004,4307
3308,C06098,4278
3309,C21560,4305
3310,C16232,4307
3311,C04797,4307
3312,C06178,4300
3313,C22070,4304
3314,C21256,4307
3315,C03269,4307
3316,C12622,4307
3317,C16432,4307
3318,C00519,4307
3319,C20805,4306
3320,C01015,4307
3321,C02372,4307
3322,C04634,4307
3323,C02106,4300
3324,C21332,4306
3325,C20695,4305
3326,C20802,4307
3327,C20310,4307
3328,C11821,4307
3329,C16409,4307
3330,C00500,4296
3331,C00704,4306
3332,C03221,4147
3333,C21065,4307
3334,C02351,4307
3335,C17551,4307
3336,C03088,4306
3337,C10028,4307
3338,C21348,4307
3339,C12287,4301
3340,C21795,4307
3341,C20254,4307
3342,C11527,4307
3343,C06669,4306
3344,C15683,4301
3345,C20231,4306
3346,C17231,4306
3347,C22202,4307
3348,C06455,4298
3349,C21831,4307
3350,C22354,4307
3351,C21903,4306
3352,C06505,4307
3353,C21251,4307
3354,C21890,4307
3355,C19892,4306
3356,C08576,4307
3357,C22348,4307
3358,C16518,4305
3359,C21825,4307
3360,C21252,4307
3361,C21081,4307
3362,C06635,4301
3363,C06730,4302
3364,C11143,4304
3365,C21620,4306
3366,C20700,4307
3367,C22009,4306
3368,C05852,4306
3369,C21724,4307
3370,C16360,4307
3371,C02674,4307
3372,C03574,4307
3373,C11999,4307
3374,C21079,4307
3375,C00544,4291
3376,C22343,4307
3377,C01617,4288
3378,C02700,4291
3379,C02779,4307
3380,C20631,4307
3381,C19716,4307
3382,C08591,4307
3383,C21369,4307
3384,C21459,4307
3385,C02892,4307
3386,C11501,4307
3387,C20322,4307
3388,C17237,4304
3389,C20995,4307
3390,C17262,4307
3391,C07345,4307
3392,C20740,4307
3393,C01163,4305
3394,C06657,4302
3395,C20189,4307
3396,C04608,4303
3397,C21141,4303
3398,C05604,4296
3399,C19939,4299
3400,C06399,4306
3401,C05918,4306
3402,C22013,4307
3403,C21979,4307
3404,C01278,4307
3405,C04118,4301
3406,C00780,4296
3407,C05828,4307
3408,C00370,4305
3409,C21561,4307
3410,C00825,4306
3411,C06728,4306
3412,C19833,4307
3413,C20693,4306
3414,C19828,4307
3415,C02922,4307
3416,C21562,4307
3417,C04112,4303
3418,C07103,4307
3419,C08481,4307
3420,C16415,4307
3421,C08614,4296
3422,C19730,4301
3423,C08624,4306
3424,C21829,4307
3425,C20188,4307
3426,C06186,4307
3427,C08607,4307
3428,C00777,4305
3429,C05570,4306
3430,C08637,4307
3431,C02298,4306
3432,C19801,4307
3433,C05831,4307
3434,C03052,4307
3435,C11830,4307
3436,C18472,4307
3437,C04778,4268
3438,C04598,4306
3439,C05648,4300
3440,C22171,4306
3441,C19918,4307
3442,C20200,4307
3443,C08797,4307
3444,C17756,4306
3445,C06972,4307
3446,C12026,4307
3447,C01470,4307
3448,C05577,4305
3449,C10192,4304
3450,C06210,4307
3451,C08579,4306
3452,C15602,4302
3453,C20328,4307
3454,C21125,4306
3455,C19835,4307
3456,C09315,4305
3457,C18195,4306
3458,C00328,4293
3459,C20737,4302
3460,C20255,4307
3461,C14604,4307
3462,C01441,4294
3463,C17570,4306
3464,C06187,4307
3465,C17935,4307
3466,C21667,4307
3467,C20422,4307
3468,C20980,4307
3469,C17712,4306
3470,C19731,4298
3471,C21563,4307
3472,C21663,4307
3473,C20193,4307
3474,C21331,4307
3475,C08626,4307
3476,C19820,4307
3477,C21413,4297
3478,C16282,4306
3479,C05913,4307
3480,C05527,4307
3481,C05313,4305
3482,C02944,4307
3483,C08615,4307
3484,C07578,4307
3485,C17943,4299
3486,C20894,4307
3487,C15881,4305
3488,C01868,4307
3489,C17559,4307
3490,C06658,4303
3491,C05589,4307
3492,C08616,4300
3493,C12002,4303
3494,C06085,4307
3495,C04479,4307
3496,C00486,4301
3497,C09736,4307
3498,C00472,4305
3499,C19863,4307
3500,C01724,4298
3501,C11991,4304
3502,C17206,4307
3503,C00473,4306
3504,C02167,4304
3505,C01416,4303
3506,C21837,4304
3507,C06507,4266
3508,C20192,4307
3509,C22147,4305
3510,C21778,4304
3511,C10882,4305
3512,C10044,4307
3513,C08628,4307
3514,C20527,4285
3515,C00788,4306
3516,C20696,4306
3517,C11955,4306
3518,C16418,4307
3519,C08538,4297
3520,C06207,4307
3521,C20841,4306
3522,C20249,4307
3523,C00745,4306
3524,C19829,4307
3525,C12624,4307
3526,C15882,4302
3527,C11963,4306
3528,C04409,4307
3529,C11142,4305
3530,C05653,4307
3531,C03986,4307
3532,C05343,4307
3533,C15969,4307
3534,C15682,4302
3535,C22301,4307
3536,C01822,4306
3537,C15501,4307
3538,C05585,4307
3539,C17966,4307
3540,C01902,4298
3541,C12458,4307
3542,C01714,4305
3543,C20694,4306
3544,C06630,4302
3545,C06564,4301
3546,C04553,4307
3547,C20817,4307
3548,C18196,4306
3549,C07085,4306
3550,C05551,4304
3551,C19832,4307
3552,C03515,4305
3553,C21412,4307
3554,C21777,4307
3555,C22010,4307
3556,C22170,4307
3557,C03409,4306
3558,C00389,4301
3559,C08063,4307
3560,C20250,4307
3561,C05906,4297
3562,C09306,4307
3563,C21804,4307
3564,C02110,4302
3565,C04584,4307
3566,C05640,4307
3567,C05829,4307
3568,C03955,4305
3569,C05903,4306
3570,C03951,4306
3571,C01832,4149
3572,C20187,4307
3573,C18351,4307
3574,C05786,4307
3575,C20697,4306
3576,C01987,4305
3577,C21646,4305
3578,C03648,4288
3579,C05912,4307
3580,C21731,4307
3581,C11630,4307
3582,C01036,4306
3583,C03719,4305
3584,C21828,4307
3585,C20195,4307
3586,C17552,4296
3587,C20194,4307
3588,C05812,4307
3589,C16516,4306
3590,C05646,4307
3591,C04106,4307
3592,C21333,4307
3593,C20350,4306
3594,C12631,4307
3595,C20191,4307
3596,C04293,4307
3597,C19819,4305
3598,C22167,4306
3599,C17232,4307
3600,C03112,4303
3601,C18004,4299
3602,C00978,4305
3603,C06524,4307
3604,C07123,4307
3605,C08748,4307
3606,C05588,4307
3607,C12003,4304
3608,C16680,4307
3609,C06212,4306
3610,C05580,4307
3611,C11455,4302
3612,C11956,4307
3613,C08588,4302
3614,C03227,4302
3615,C01958,4307
3616,C03281,4307
3617,C08543,4306
3618,C05802,4306
3619,C05659,4307
3620,C04529,4307
3621,C19759,4307
3622,C21475,4304
3623,C19739,4307
3624,C05634,4304
3625,C06509,4268
3626,C05576,4306
3627,C05787,4302
3628,C20738,4305
3629,C01069,4306
3630,C22175,4307
3631,C04559,4307
3632,C21840,4307
3633,C21838,4307
3634,C00899,4305
3635,C22148,4306
3636,C08830,4301
3637,C21779,4307
3638,C10098,4307
3639,C02161,4307
3640,C01717,4301
3641,C11964,4307
3642,C17500,4307
3643,C17055,4307
3644,C02514,4307
3645,C04199,4307
3646,C19807,4307
3647,C12632,4306
3648,C12316,4307
3649,C04655,4307
3650,C06562,4307
3651,C06508,4307
3652,C08606,4307
3653,C21398,4307
3654,C16491,4307
3655,C21258,4305
3656,C20404,4300
3657,C01252,4307
3658,C07576,4306
3659,C05109,4305
3660,C05651,4301
3661,C21648,4307
3662,C21821,4307
3663,C11992,4305
3664,C12627,4307
3665,C01061,4307
3666,C16695,4307
3667,C15681,4303
3668,C01044,4307
3669,C20366,4306
3670,C17751,4302
3671,C15884,4306
3672,C21140,4305
3673,C00778,4303
3674,C15883,4305
3675,C22168,4307
3676,C21126,4307
3677,C11145,4307
3678,C05437,4302
3679,C21253,4307
3680,C03641,4307
3681,C20842,4307
3682,C05919,4307
3683,C04858,4306
3684,C02075,4307
3685,C12630,4307
3686,C21142,4307
3687,C02172,4307
3688,C03154,4307
3689,C17267,4307
3690,C19858,4297
3691,C21820,4307
3692,C11513,4307
3693,Z00065,4306
3694,C20529,4286
3695,C05775,4307
3696,C05578,4304
3697,C21801,4306
3698,C02954,4305
3699,C22172,4307
3700,C00616,4303
3701,C22113,4307
3702,C05904,4290
3703,C21842,4307
3704,C21839,4307
3705,C00832,4307
3706,C17754,4307
3707,C20333,4306
3708,C08557,4307
3709,C05261,4152
3710,C06565,4307
3711,C05571,4307
3712,C21647,4307
3713,C11061,4307
3714,C04524,4307
3715,C21495,4307
3716,C08584,4307
3717,C06633,4303
3718,C20509,4307
3719,C16284,4307
3720,C08980,4304
3721,C05583,4307
3722,C06408,4307
3723,C10193,4307
3724,C08565,4307
3725,C05647,4307
3726,C03824,4305
3727,C10020,4307
3728,C07087,4307
3729,C16517,4307
3730,C04317,4307
3731,C13433,4306
3732,C21841,4307
3733,C05905,4300
3734,C14156,4306
3735,C09320,4307
3736,C12448,4304
3737,C15603,4304
3738,C01693,4307
3739,C04558,4305
3740,C06456,4300
3741,C02890,4307
3742,C18083,4307
3743,C01795,4305
3744,C08585,4307
3745,C14151,4307
3746,C17757,4307
3747,C06659,4304
3748,C21254,4307
3749,C20981,4302
3750,C05309,4307
3751,C02483,4306
3752,C15885,4307
3753,C05554,4307
3754,C05636,4306
3755,C00757,4306
3756,C01759,4300
3757,C20367,4307
3758,C20403,4301
3759,C17945,4301
3760,C13431,4306
3761,C10164,4307
3762,C00916,4304
3763,C02456,4307
3764,C05110,4306
3765,C05108,4303
3766,C01155,4306
3767,C02470,4306
3768,C05801,4307
3769,C05652,4304
3770,C03845,4307
3771,C08299,4307
3772,C12128,4307
3773,C21476,4305
3774,C21442,4304
3775,C06653,4307
3776,C21259,4306
3777,C01598,4306
3778,C18846,4304
3779,C06660,4305
3780,C13453,4301
3781,C04525,4303
3782,C14045,4307
3783,C00045,4304
3784,C20530,4287
3785,C15497,4307
3786,C19859,4298
3787,C22114,4306
3788,C05622,4307
3789,C14155,4306
3790,C03374,4307
3791,C08312,4307
3792,C05594,4307
3793,C15566,4307
3794,C01249,4302
3795,C22116,4304
3796,C08540,4306
3797,C02153,4307
3798,C19763,4307
3799,C05260,4153
3800,C18311,4306
3801,C06510,4269
3802,C12137,4292
3803,C22149,4307
3804,C01156,4306
3805,C05439,4307
3806,C04900,4307
3807,C20982,4307
3808,C05638,4306
3809,C05635,4305
3810,C19867,4303
3811,C05791,4304
3812,C05579,4306
3813,C09727,4307
3814,C17752,4307
3815,C05914,4305
3816,C05584,4307
3817,C06616,4307
3818,C20371,4307
3819,C05645,4307
3820,C08983,4307
3821,C10858,4306
3822,C14154,4307
3823,C22136,4307
3824,C05315,4306
3825,C21802,4307
3826,C02400,4305
3827,C14152,4307
3828,C01946,4306
3829,C16298,4302
3830,C17753,4307
3831,C02220,4307
3832,C21874,4306
3833,C00395,4306
3834,C18312,4307
3835,C17587,4303
3836,C21860,4299
3837,C05663,4307
3838,C22115,4307
3839,C21875,4307
3840,C05830,4307
3841,C21153,4307
3842,C12642,4306
3843,C11818,4307
3844,C03796,4307
3845,C18845,4307
3846,C01189,4307
3847,C05832,4307
3848,C15530,4307
3849,C16297,4307
3850,C11904,4307
3851,C19869,4307
3852,C05639,4307
3853,C05107,4307
3854,C21477,4307
3855,C20400,4302
3856,C12644,4306
3857,C00194,4307
3858,C08552,4307
3859,C05273,4154
3860,C20489,4306
3861,C14044,4307
3862,C16305,4307
3863,C01912,4306
3864,C02477,4307
3865,C21176,4306
3866,C19865,4307
3867,C22121,4305
3868,C01111,4303
3869,C15915,4307
3870,C05642,4307
3871,C05795,4307
3872,C20536,4288
3873,C03897,4307
3874,C15777,4304
3875,C04712,4305
3876,C08537,4306
3877,C18847,4306
3878,C05915,4306
3879,C08639,4303
3880,C17266,4307
3881,C17937,4307
3882,C00744,4306
3883,C12449,4307
3884,C03898,4307
3885,C05790,4306
3886,C05637,4307
3887,C14153,4307
3888,C15808,4305
3889,C08725,4305
3890,C19868,4307
3891,C06567,4307
3892,C05111,4307
3893,C06367,4302
3894,C13454,4307
3895,C11903,4307
3896,C00397,4307
3897,C12640,4305
3898,C21295,4306
3899,C05660,4307
3900,C06661,4306
3901,C16368,4307
3902,C13455,4307
3903,C22112,4307
3904,C06634,4307
3905,C06662,4307
3906,C02593,4155
3907,C16371,4307
3908,C22122,4306
3909,C02141,4306
3910,C12645,4307
3911,C20402,4307
3912,C01457,4307
3913,C20399,4304
3914,C17584,4307
3915,C01164,4296
3916,C16288,4307
3917,C05916,4307
3918,C06082,4306
3919,C16350,4307
3920,C12641,4306
3921,C15778,4307
3922,C15666,4306
3923,C17946,4307
3924,C15680,4307
3925,C17513,4306
3926,C12096,4306
3927,C06368,4304
3928,C20542,4300
3929,C00390,4300
3930,C08542,4307
3931,C17588,4304
3932,C16349,4307
3933,C15780,4307
3934,Z00009,4272
3935,C20586,4306
3936,C16372,4307
3937,C05794,4307
3938,C01748,4307
3939,C05641,4304
3940,C15816,4306
3941,C20492,4307
3942,C20543,4301
3943,C11831,4282
3944,C06736,4307
3945,C15970,4307
3946,C07756,4307
3947,Z00049,4307
3948,C05656,4305
3949,C18324,4307
3950,C00399,4302
3951,C22119,4307
3952,C16509,4300
3953,C00187,4266
3954,C22217,4305
3955,C12647,4307
3956,C16831,4307
3957,C08589,4307
3958,C01943,4307
3959,C20397,4306
3960,C17589,4305
3961,C05103,4307
3962,C20528,4307
3963,C17947,4305
3964,C05161,4306
3965,C02486,4307
3966,C20587,4307
3967,C05443,4305
3968,C05440,4305
3969,C06737,4307
3970,C16299,4307
3971,C20398,4307
3972,C05259,4158
3973,C21287,4307
3974,C06452,4306
3975,C20534,4300
3976,C16498,4301
3977,C01561,4306
3978,C18043,4307
3979,C05825,4307
3980,C02530,4307
3981,C01802,4296
3982,C00599,4273
3983,C03855,4307
3984,C20407,4307
3985,C05258,4159
3986,C20545,4303
3987,C15652,4306
3988,C16361,4303
3989,C05654,4306
3990,C15992,4307
3991,C01694,4306
3992,C21372,4306
3993,C20532,4307
3994,C11832,4306
3995,C05418,4307
3996,C02880,4307
3997,C03091,4307
3998,C20535,4301
3999,C05272,4160
4000,C01673,4307
4001,C05425,4307
4002,C03238,4307
4003,C20594,4307
4004,C20839,4307
4005,C01737,4307
4006,C16497,4302
4007,C21076,4282
4008,C05441,4307
4009,C15781,4298
4010,C05655,4307
4011,C20546,4305
4012,C06454,4307
4013,C03910,4307
4014,C21144,4307
4015,C21441,4307
4016,C16362,4305
4017,C02139,4286
4018,C20143,4306
4019,C22325,4307
4020,C21303,4306
4021,C17948,4307
4022,C01789,4301
4023,C18157,4304
4024,C05306,4303
4025,C16364,4306
4026,C16540,4306
4027,C02513,4303
4028,C00280,4284
4029,C20595,4307
4030,C21106,4306
4031,C20840,4307
4032,C20531,4302
4033,C16363,4306
4034,C00154,4161
4035,C21304,4307
4036,C20552,4307
4037,C18021,4302
4038,C21305,4307
4039,C18152,4307
4040,C01389,4306
4041,C00517,4306
4042,C21427,4305
4043,C11850,4307
4044,C00535,4301
4045,C20553,4305
4046,C21072,4305
4047,C08813,4307
4048,C00477,4305
4049,C00249,4304
4050,C03455,4306
4051,C02588,4307
4052,C20996,4307
4053,Z00058,4307
4054,C18022,4306
4055,C15784,4305
4056,C16541,4307
4057,C01227,4304
4058,C03772,4305
4059,C05764,4302
4060,C18151,4307
4061,C16216,4232
4062,C22176,4307
4063,C00674,4304
4064,C16496,4307
4065,C20997,4307
4066,C21192,4307
4067,C13782,4306
4068,C04676,4307
4069,C15795,4307
4070,C20252,4307
4071,C05797,4307
4072,C05307,4307
4073,C18063,4307
4074,C21943,4307
4075,C20144,4306
4076,C18064,4307
4077,C02934,4306
4078,C07635,4307
4079,C20554,4306
4080,C04373,4306
4081,C21296,4307
4082,C01120,4307
4083,C06123,4307
4084,C00523,4306
4085,C21428,4306
4086,C05763,4303
4087,C15785,4306
4088,C04295,4307
4089,C06121,4307
4090,C02681,4307
4091,C00836,4302
4092,C03917,4305
4093,C15796,4307
4094,C22135,4307
4095,C16219,4307
4096,C20764,4307
4097,C21000,4306
4098,C05139,4306
4099,C04555,4307
4100,C01948,4307
4101,C20561,4307
4102,C16499,4307
4103,C18098,4307
4104,C14909,4307
4105,C05293,4307
4106,C03889,4307
4107,C16217,4233
4108,C06412,4307
4109,C00823,4307
4110,C11134,4307
4111,C03852,4307
4112,C12144,4307
4113,C12126,4306
4114,C11135,4307
4115,C04633,4304
4116,C21429,4307
4117,C15786,4307
4118,C16220,4307
4119,C12525,4307
4120,C11136,4307
4121,C06124,4307
4122,C00319,4274
4123,C15797,4307
4124,C05140,4307
4125,C16218,4234
4126,C21528,4307
4127,C20555,4307
4128,C21021,4307
4129,C00412,4235
4130,C05762,4305
4131,C00195,4277
4132,C12145,4306
4133,C01747,4306
4134,C21020,4307
4135,C06062,4307
4136,C01190,4287
4137,C00510,4245
4138,C02744,4307
4139,C00550,4307
4140,C01530,4304
4141,C21394,4307
4142,C02960,4307
4143,C22177,4307
4144,C05681,4307
4145,C02686,4303
4146,C05761,4306
4147,C02041,4305
4148,C04088,4306
4149,C06128,4307
4150,C22132,4307
4151,C06425,4307
4152,C06125,4307
4153,C00712,4303
4154,C05760,4307
4155,C21393,4307
4156,C21935,4307
4157,C02050,4252
4158,C01290,4288
4159,C06126,4306
4160,C01203,4307
4161,C04737,4305
4162,C01595,4292
4163,C06135,4306
4164,C03035,4306
4165,C03195,4307
4166,C04730,4306
4167,C19670,4307
4168,C04845,4299
4169,C06127,4307
4170,C20702,4307
4171,C16162,4271
4172,C16221,4307
4173,C14825,4306
4174,C14827,4306
4175,C06426,4307
4176,C14826,4306
4177,C19937,4307
4178,C20703,4307
4179,C16163,4307
4180,C04717,4307
4181,C04884,4305
4182,C04056,4307
4183,C14831,4305
4184,C06136,4307
4185,C07289,4307
4186,C04922,4305
4187,C04924,4307
4188,C03272,4306
4189,C04910,4303
4190,C06427,4273
4191,C07338,4307
4192,C14828,4307
4193,C06131,4306
4194,C19936,4307
4195,C04938,4307
4196,C07354,4307
4197,C04911,4306
4198,C19827,4307
4199,C06129,4307
4200,C20704,4307
4201,C16321,4302
4202,C04925,4307
4203,C14829,4307
4204,C20186,4307
4205,C04785,4282
4206,C04939,4307
4207,C16323,4306
4208,C16324,4306
4209,C16322,4306
4210,C04927,4307
4211,C16320,4307
4212,C06132,4307
4213,C04672,4289
4214,C06130,4307
4215,C16319,4307
4216,C16310,4303
4217,C16311,4303
4218,C21923,4306
4219,C08492,4306
4220,C16325,4307
4221,C16309,4307
4222,C01226,4292
4223,C19757,4307
4224,C21924,4307
4225,C04780,4293
4226,C16327,4294
4227,C16328,4295
4228,C16329,4296
4229,C16330,4297
4230,C16331,4298
4231,C16332,4299
4232,C16333,4300
4233,C16334,4301
4234,C16335,4302
4235,C16336,4303
4236,C16337,4304
4237,C16338,4305
4238,C16339,4306
4239,C16317,4307
