,mean_dor,ne_size,dtype
0,1.9221089800442601,434,lower
1,1.9121397127749349,391,lower
2,1.9597302678756312,86,lower
3,1.907643075092679,389,lower
4,1.947348966686946,420,lower
5,1.8528401557147207,389,lower
6,1.87902881950501,395,lower
7,1.9816549256231124,424,lower
8,1.9647712878254755,427,lower
9,1.9830502867293216,4151,lower
10,1.9018513864876094,399,lower
11,1.8937226794369653,395,lower
12,1.935493949957403,383,lower
13,1.9698222240340406,388,lower
14,1.9704108916293794,412,lower
15,1.8451311079987553,4094,lower
16,1.9138949454425647,411,lower
17,1.8114006364006363,402,lower
18,1.8956632653061225,394,lower
19,1.945525856030058,389,lower
20,1.933858982339375,402,lower
21,1.9861025324537047,394,lower
22,1.8773066263542455,401,lower
23,1.9429449764883937,400,lower
24,1.9501929618001046,391,lower
25,1.8574680335097005,396,lower
26,1.92396045312712,392,lower
27,1.9242120181405893,4099,lower
28,1.8554444038687734,77,lower
29,1.9562701848416135,76,lower
30,1.9598633078962577,398,lower
31,1.9191599587619528,397,lower
32,1.9439378743656972,77,lower
33,1.945264286889903,394,lower
34,1.9464357460155783,413,lower
35,1.8717276304461183,4118,lower
36,1.8560515927934635,398,lower
37,1.9625791996833257,69,lower
38,1.8673069023224302,396,lower
39,1.936654661864746,395,lower
40,1.9415750915750918,400,lower
41,1.8304520875949446,391,lower
42,1.9280549256739734,390,lower
43,1.864131669915717,391,lower
44,1.9468108952518204,402,lower
45,1.9035303183556171,398,lower
46,1.9385278081706656,386,lower
47,1.9579167525596095,391,lower
48,1.9509054904012888,398,lower
49,1.8570604257963346,401,lower
50,1.929171247623629,403,lower
51,1.9633159718399444,387,lower
52,1.958544517938928,4104,lower
53,1.9812495873770386,396,lower
54,1.9519234534146817,429,lower
55,1.9376897767654069,387,lower
56,1.770895003821833,410,lower
57,1.934680344286256,4098,lower
58,1.9236381252837835,75,lower
59,1.9409470353798088,383,lower
60,1.909824504656096,4093,lower
61,1.9230112013725464,389,lower
62,1.9166552585946666,394,lower
63,1.8984065388398061,396,lower
64,1.9387311108356056,395,lower
65,1.9604882525400735,397,lower
66,1.9399370496709432,391,lower
67,1.8874853232299071,409,lower
68,1.9412241904135161,116,lower
69,1.9562232670846118,395,lower
70,1.9038042210504618,404,lower
71,1.8799360886545762,410,lower
72,1.9337834836962058,399,lower
73,1.9585291692434552,393,lower
74,1.9824368426285868,386,lower
75,1.9339362244473932,420,lower
76,1.8861236551689426,390,lower
77,1.968935676521502,74,lower
78,1.9353533328417187,96,lower
79,1.943915861475386,387,lower
80,1.9532205421342326,406,lower
81,1.961655328798186,398,lower
82,1.8594247348388135,392,lower
83,1.9390204970877238,81,lower
84,1.9481426195186704,392,lower
85,1.8802140452140452,388,lower
86,1.9770650425412335,110,lower
87,1.9712779836981458,398,lower
88,1.9923556582976876,380,lower
89,1.9383812615955476,387,lower
90,1.961082103406665,85,lower
91,1.994738079878733,80,lower
92,1.8891402653632734,394,lower
93,1.9176334326834186,4118,lower
94,1.85661593265935,386,lower
95,1.900198412698413,427,lower
96,1.970531716960289,79,lower
97,1.965880958443984,399,lower
98,1.9151363407315785,391,lower
99,1.9650445369718772,4108,lower
100,1.96223044773465,4104,lower
101,1.9629177362654375,421,lower
102,1.6725526348256954,4102,lower
103,1.908265898952174,391,lower
104,1.9063241556785315,387,lower
105,1.9581416404945824,84,lower
106,1.871082881071267,391,lower
107,1.916071682234147,405,lower
108,1.876737497135291,423,lower
109,1.9072916035100906,402,lower
110,1.979582622972716,391,lower
111,1.979420277314366,404,lower
112,1.9570445097230813,4109,lower
113,1.9629535147392287,398,lower
114,1.9554070004070006,82,lower
115,1.9313239992966884,447,lower
116,1.9514002000649655,388,lower
117,1.8721120073224329,82,lower
118,1.9519599253842952,401,lower
119,1.9657743770909035,395,lower
120,1.9489276596419454,393,lower
121,1.974672370890859,387,lower
122,1.9587742944885806,4126,lower
123,1.9431107482865557,87,lower
124,1.9562272212556013,424,lower
125,1.9478912429886535,88,lower
126,1.940917622445797,382,lower
127,1.8846927253286139,396,lower
128,1.9292044147093534,4120,lower
129,1.966772978019845,386,lower
130,1.8877392448821024,404,lower
131,1.9584837497545236,385,lower
132,1.93680153524874,382,lower
133,1.9305271688157257,405,lower
134,1.8055750330435207,407,lower
135,1.9056436160803183,4152,lower
136,1.9080722359835283,408,lower
137,1.8422364207184914,388,lower
138,1.9238634076876473,406,lower
139,1.923903966096657,408,lower
140,1.8051498475714507,387,lower
141,1.897975839006217,384,lower
142,1.9210979991671582,391,lower
143,1.9565363405275686,397,lower
144,1.9314498955781991,391,lower
145,1.8768195287374212,387,lower
146,1.9802434862834024,4104,lower
147,1.9324994449994448,396,lower
148,1.888550470693328,413,lower
149,1.93181671527547,407,lower
150,1.9827936224995053,396,lower
151,1.9554071765976526,79,lower
152,1.8951024301462136,4117,lower
153,1.938034540415493,398,lower
154,1.968987502408371,411,lower
155,1.9431926921890965,4112,lower
156,1.9154409132073889,384,lower
157,1.9984902238331217,4122,lower
158,1.8947006917245013,395,lower
159,1.8598550531323639,400,lower
160,1.9704339910683597,388,lower
161,1.9127156314481244,396,lower
162,1.9586149965036523,383,lower
163,1.937535851882841,391,lower
164,1.9020460686306335,409,lower
165,1.9436535220148667,4094,lower
166,1.9255613434184866,4120,lower
167,1.9707381729938125,84,lower
168,1.9382544263496648,4113,lower
169,1.983523865136441,384,lower
170,1.9460766386974375,389,lower
171,1.9615860397031006,81,lower
172,1.9158995792049016,4104,lower
173,1.9498919264675567,84,lower
174,1.9284740338443074,391,lower
175,1.9392008886888088,438,lower
176,1.961054809388143,409,lower
177,1.9264095195829574,78,lower
178,1.9381405664816396,381,lower
179,1.95216052389685,404,lower
180,1.9350235478806912,449,lower
181,1.9381619314392426,88,lower
182,1.9192345433471198,390,lower
183,1.9914328947067048,4100,lower
184,1.9811324964564168,393,lower
185,1.8565187316195797,386,lower
186,1.8469796605510895,393,lower
187,1.9319853867472918,403,lower
188,1.7344632061705234,392,lower
189,1.953509209332191,83,lower
190,1.9590172587123806,387,lower
191,1.9264308442879872,396,lower
192,1.9226630994846825,390,lower
193,1.9435744856599388,394,lower
194,1.9037028315599744,390,lower
195,1.936543304190363,395,lower
196,1.8743430705615585,418,lower
197,1.917587446310168,419,lower
198,1.9580057863551166,420,lower
199,1.9200399248018298,404,lower
200,1.944411575015951,391,lower
201,1.8895690774980909,383,lower
202,1.9431931358401948,395,lower
203,1.9770509579212372,391,lower
204,1.9788257740513864,398,lower
205,1.9218554342034224,83,lower
206,1.9188914454670756,94,lower
207,1.8974083458671007,4113,lower
208,1.9156230604256155,405,lower
209,1.940444095410047,407,lower
210,1.9533913767527213,384,lower
211,1.8736358350644067,422,lower
212,1.8857763401821273,407,lower
213,1.8816561388865314,391,lower
214,1.971480301004111,73,lower
215,1.9488396702014992,84,lower
216,1.9235792958771807,394,lower
217,1.90494642301365,410,lower
218,1.9438068680307112,80,lower
219,1.9727861799990654,401,lower
220,1.946948833234867,391,lower
221,1.9450485206582366,80,lower
222,1.8775006298815824,4095,lower
223,1.9405876638019497,395,lower
224,1.936913025044131,400,lower
225,1.939205600921376,416,lower
226,1.9218009069724755,390,lower
227,1.9334289167622503,418,lower
228,1.9150863194280565,382,lower
229,1.9663530058488046,389,lower
230,1.9202613400557769,383,lower
231,1.9028951469442887,386,lower
232,1.9028697162625736,387,lower
233,1.9497060409245284,395,lower
234,1.9119716333417007,383,lower
235,1.9433907539636712,404,lower
236,1.9708082201697708,403,lower
237,1.880771664022896,385,lower
238,1.9220318041746618,415,lower
239,1.965975924312391,395,lower
240,1.9098600359684104,412,lower
241,1.8460543424829137,394,lower
242,1.9144790239328053,4124,lower
243,1.8767765393484106,416,lower
244,1.9540455576169862,392,lower
245,1.9265647889341269,409,lower
246,1.9549282441459535,4098,lower
247,1.9178424700759955,413,lower
248,1.917260566914934,401,lower
249,1.9595039139851032,385,lower
250,1.930291532534196,408,lower
251,1.890016037763068,390,lower
252,1.9131914381914386,427,lower
253,1.9493987908553738,420,lower
254,1.8900998889720693,4118,lower
255,1.8693786310820628,414,lower
256,1.9312590628066815,91,lower
257,1.910414428929467,4101,lower
258,1.9708376707010309,393,lower
259,1.9254243060128458,407,lower
260,1.909297150992854,86,lower
261,1.861255579154739,74,lower
262,1.9088617293409673,4101,lower
263,1.9192877249714115,4123,lower
264,1.935149907916383,391,lower
265,1.987726355073752,408,lower
266,1.9699301800492275,401,lower
267,1.95003564557136,385,lower
268,1.9361885336885338,394,lower
269,1.97011634772913,404,lower
270,1.9947439868171577,394,lower
271,1.9362824488032762,382,lower
272,1.9537425008853584,390,lower
273,1.9692030891294747,97,lower
274,1.8515384497581688,402,lower
275,1.8472250963322394,397,lower
276,1.953230643359458,391,lower
277,1.9878104768812643,382,lower
278,1.9370542156256445,79,lower
279,1.892446900037568,386,lower
280,1.9367396887811577,388,lower
281,1.9852327496781619,413,lower
282,1.9361788175776273,399,lower
283,1.9676030794929842,401,lower
284,1.812145846419546,393,lower
285,1.9392083115297403,392,lower
286,1.9394693104514535,402,lower
287,1.9631980726808311,396,lower
288,1.9125085724525506,409,lower
289,1.9264949750944158,394,lower
290,1.940793287011775,92,lower
291,1.8989358401588485,83,lower
292,1.9502562304383035,423,lower
293,1.8773547184189543,385,lower
294,1.942806639864834,385,lower
295,1.986625945445258,4093,lower
296,1.9634420359018048,398,lower
297,1.9335850955906826,4100,lower
298,1.9391333735277836,399,lower
299,1.975558216034407,397,lower
300,1.9610081069464822,4100,lower
301,1.9422875210690342,391,lower
302,1.8904272628591667,400,lower
303,1.9157414789188192,393,lower
304,1.9128375253427488,407,lower
305,1.961104926819213,413,lower
306,1.9609214198499911,387,lower
307,1.9446908926561253,4112,lower
308,1.9727095130981687,397,lower
309,1.902520957878101,402,lower
310,1.90332809625711,400,lower
311,1.8818422318422319,385,lower
312,1.9271192262385952,399,lower
313,1.953279700898749,410,lower
314,1.9344854608510071,408,lower
315,1.987562572430485,390,lower
316,1.8935702058601218,438,lower
317,1.877860276902089,89,lower
318,1.932357303190637,392,lower
319,1.968847631645251,402,lower
320,1.865221421902094,386,lower
321,1.9520588538445682,402,lower
322,1.9423967681667231,388,lower
323,1.874297536905995,430,lower
324,1.91053743267642,406,lower
325,1.703732279625137,407,lower
326,1.9451175477961196,425,lower
327,1.9353091135962952,4125,lower
328,1.9991542492417842,407,lower
329,1.9384501411287125,397,lower
330,1.8844818602314481,412,lower
331,1.9396088602086197,4112,lower
332,1.9347202508207162,386,lower
333,1.9469125402098824,401,lower
334,1.9145609164140376,397,lower
335,1.92624255419822,83,lower
336,1.9100066600066603,4112,lower
337,1.9069952093761615,399,lower
338,1.9748982338338084,78,lower
339,1.940155237179047,394,lower
340,1.9562966328722629,391,lower
341,1.9401934345488083,403,lower
342,2.0022493330542868,390,lower
343,1.9497366445283109,411,lower
344,1.9645584846215098,403,lower
345,1.9594427857919248,395,lower
346,1.9394873134438961,397,lower
347,1.9194641998213426,410,lower
348,1.954048451739371,393,lower
349,1.9017056550669995,398,lower
350,1.963659103605814,413,lower
351,1.9620726363583512,388,lower
352,1.855827701450951,396,lower
353,1.9550636921435243,403,lower
354,1.9532280190779416,4108,lower
355,1.8895353537037713,388,lower
356,1.9458197031726443,4107,lower
357,1.9145959595959599,4107,lower
358,1.9295786070940875,398,lower
359,1.8995166314614722,4117,lower
360,1.9637561034412543,404,lower
361,1.932557319223986,403,lower
362,1.897881884197674,435,lower
363,1.9539383235811814,402,lower
364,1.9747984749455343,390,lower
365,1.8807931707097703,4100,lower
366,1.8073831893103425,402,lower
367,1.9173498459212743,413,lower
368,1.9068648150791014,389,lower
369,1.9304691930972926,383,lower
370,1.8642302819132088,4109,lower
371,1.9459126763978016,403,lower
372,1.9439279415469894,4100,lower
373,1.9898678208695078,68,lower
374,1.9441239380699311,399,lower
375,1.9335179293055453,395,lower
376,1.9203614465456573,4103,lower
377,1.9273145200841282,389,lower
378,1.988021383767182,393,lower
379,1.9291018259155521,406,lower
380,1.9670129447790512,387,lower
381,1.927133545078223,422,lower
382,1.8752265109969752,384,lower
383,1.9274326397225556,422,lower
384,1.9532117120352417,402,lower
385,1.9704447454038827,73,lower
386,1.9689533656465583,395,lower
387,1.9824546485260772,409,lower
388,1.9547067817025803,84,lower
389,1.9247875581208915,4108,lower
390,1.8573507180650042,4105,lower
391,1.802282163906709,83,lower
392,1.9484874252731392,392,lower
393,1.8830756545042262,415,lower
394,1.9288271748093178,384,lower
395,1.9823256673943295,386,lower
396,2.0061087942040325,83,lower
397,1.9665968035157582,393,lower
398,1.986381927039822,4095,lower
399,1.9529695480885962,402,lower
400,1.9369396767279403,69,lower
401,1.9607092159356965,413,lower
402,1.7875457875457876,4089,lower
403,1.946218160254165,408,lower
404,1.907012607185765,4103,lower
405,1.9581820296106014,403,lower
406,1.9545672224049209,4105,lower
407,1.9094339386202048,75,lower
408,1.905333724541042,392,lower
409,1.9205792657642953,70,lower
410,1.9374470106612964,90,lower
411,1.9154785872220286,400,lower
412,1.9453777382714175,387,lower
413,1.9677147080278352,77,lower
414,1.8997112701594496,403,lower
415,1.8272190391308043,393,lower
416,1.873067589608943,405,lower
417,1.882989292709522,395,lower
418,1.926471407276361,4092,lower
419,1.9641159611992944,402,lower
420,1.982596129619939,4135,lower
421,1.9150744073989692,390,lower
422,1.9349133873106186,405,lower
423,1.883473237248116,393,lower
424,1.941305248791726,407,lower
425,1.9043121415232764,427,lower
426,1.9057143520176105,105,lower
427,1.9486835474930713,389,lower
428,1.9402216746494678,4109,lower
429,1.9711871204031486,78,lower
430,1.9098941889355425,391,lower
431,1.9876019439114683,427,lower
432,1.9017828216557944,391,lower
433,1.9212294917967188,4095,lower
434,1.936961173358232,421,lower
435,1.9205993229005327,388,lower
436,1.901813836569934,400,lower
437,1.888869463869464,397,lower
438,1.9266712745704344,414,lower
439,1.9162278263091674,390,lower
440,1.8564948363532106,401,lower
441,1.886530751602264,394,lower
442,1.9396429825345105,4119,lower
443,1.9801342007796308,384,lower
444,1.9186014787097743,397,lower
445,1.8924173374593334,387,lower
446,1.969432985302801,387,lower
447,1.9270934434379812,433,lower
448,1.8393526439503451,397,lower
449,1.9531038558636968,4102,lower
450,1.9154572238252028,4105,lower
451,1.8713201654930982,393,lower
452,1.9649460151841105,405,lower
453,1.9224174855127238,424,lower
454,1.8741628469569647,389,lower
455,1.9535715801472109,391,lower
456,1.9555703089316534,84,lower
457,1.9689957798085875,407,lower
458,1.8613995598239295,399,lower
459,1.969710748194642,386,lower
460,1.8530681315665523,401,lower
461,1.8982454978480674,397,lower
462,1.9669166371547326,387,lower
463,1.9355677578125179,4138,lower
464,1.9320362240853655,392,lower
465,1.9531362145515947,395,lower
466,1.9135658452515543,71,lower
467,1.8692264113140602,396,lower
468,1.9855983504512917,402,lower
469,1.9426872874325132,398,lower
470,1.9048328244969361,402,lower
471,1.89769749577195,90,lower
472,1.9451261294754552,397,lower
473,1.9225931908813687,397,lower
474,1.9094088917618333,402,lower
475,1.8783374033374034,408,lower
476,1.9567693744164334,107,lower
477,1.9118298430483307,396,lower
478,1.9709592698046619,400,lower
479,1.9556644880174288,412,lower
480,1.9287274400500942,396,lower
481,1.983241337470661,89,lower
482,1.9747592505015477,405,lower
483,1.9708331985993053,421,lower
484,1.959172372652765,398,lower
485,1.798480904199996,398,lower
486,1.9161325087063998,388,lower
487,1.9239931228901817,393,lower
488,1.8922809527851545,391,lower
489,1.9184790204588178,389,lower
490,1.91377837739964,421,lower
491,1.9154466291445686,4108,lower
492,1.9060500125976318,382,lower
493,1.972265044229074,400,lower
494,1.8956632653061225,413,lower
495,1.9512537875398206,107,lower
496,1.982988173266919,390,lower
497,1.9374674448904141,397,lower
498,1.916797985472721,4114,lower
499,1.9758704893508816,387,lower
500,1.9545829581856433,410,lower
501,1.9840767188892938,383,lower
502,1.9897933811205644,392,lower
503,1.971948688793841,75,lower
504,1.910055045092946,388,lower
505,1.9375886106083693,389,lower
506,1.938177959606531,388,lower
507,1.9434238847053975,396,lower
508,1.9594793187930448,386,lower
509,1.8779701061711234,391,lower
510,1.9742090108173376,71,lower
511,1.889017092203367,413,lower
512,1.8783546559997084,82,lower
513,1.9126898234041092,392,lower
514,1.941817347757714,422,lower
515,1.927041200847264,394,lower
516,1.9591402821291122,399,lower
517,1.9859135854436605,395,lower
518,1.942878530722634,409,lower
519,1.9426445246533628,401,lower
520,1.9738129595272453,76,lower
521,1.9576727539108834,398,lower
522,1.8880770464103798,4112,lower
523,1.9346023879637326,391,lower
524,1.9780841331611645,79,lower
525,1.881668385189602,399,lower
526,1.8791426166426164,392,lower
527,1.9580592143617357,400,lower
528,1.9477820294784582,70,lower
529,1.9570661919566446,388,lower
530,1.9265002196966259,397,lower
531,1.9104015647548254,383,lower
532,1.940838614648139,408,lower
533,1.872028927268218,404,lower
534,1.9366017255741572,412,lower
535,1.935301405855593,389,lower
536,1.9122980125777833,402,lower
537,1.9109260829693326,412,lower
538,1.908169419740899,400,lower
539,1.9362397523111805,386,lower
540,1.9721317483222252,394,lower
541,1.9512660876316341,75,lower
542,1.8940967525221473,392,lower
543,1.9241950483897259,407,lower
544,1.9682449915387,4101,lower
545,1.8743952371771924,400,lower
546,1.9067150952810845,382,lower
547,1.9857703415476524,392,lower
548,1.9304668597419943,4097,lower
549,1.8466842240651768,401,lower
550,1.8762055933484507,434,lower
551,1.9371625481000483,68,lower
552,1.9127313953294345,392,lower
553,1.8641754647943902,4109,lower
554,1.8920325706039993,398,lower
555,1.988448974805682,391,lower
556,1.952876939015545,405,lower
557,1.9319537359103187,4114,lower
558,1.9396888848643237,382,lower
559,1.9566696301168354,390,lower
560,1.954907673507114,98,lower
561,1.9568814562862182,408,lower
562,1.9389517900656197,387,lower
563,2.0089844322862533,397,lower
564,1.9551206099041205,420,lower
565,1.9412854137302455,400,lower
566,1.984884574135275,392,lower
567,1.9458363202205564,398,lower
568,1.951810222690841,85,lower
569,1.8863337062493044,412,lower
570,1.8990396663715998,392,lower
571,1.9425917819735028,388,lower
572,1.9560750821639326,413,lower
573,1.9211579875455083,399,lower
574,1.9142857142857148,103,lower
575,1.8498554135458902,387,lower
576,1.9238252064110668,4112,lower
577,1.851311433664375,393,lower
578,1.9352846733235207,391,lower
579,1.924145008430723,412,lower
580,1.942525728240014,4102,lower
581,1.9334616413084083,397,lower
582,1.9119744607244609,106,lower
583,1.9573471781875145,83,lower
584,1.9456331053792704,393,lower
585,1.9387056374087535,390,lower
586,1.9636219894367057,399,lower
587,1.9742273321549868,4108,lower
588,1.9473174715334993,388,lower
589,1.9184494378559505,4104,lower
590,1.9383109739748738,389,lower
591,1.9515176622319481,400,lower
592,1.785421543140521,383,lower
593,1.9431620796466733,81,lower
594,1.8830667452166052,104,lower
595,1.927040668605709,386,lower
596,1.9288263775123484,4109,lower
597,1.9486550680878412,89,lower
598,1.9190487573526336,401,lower
599,1.9889437599279107,418,lower
600,1.974291383219955,396,lower
601,1.9896408151539515,64,lower
602,1.928350122877434,394,lower
603,1.882371988756517,80,lower
604,1.9471217462650032,408,lower
605,1.9526146308325703,400,lower
606,1.978604775243431,410,lower
607,1.9361493607499376,406,lower
608,1.9501222697056035,4095,lower
609,1.847945878688176,391,lower
610,1.984356205395748,397,lower
611,1.9644310583596298,418,lower
612,1.9214027443941362,389,lower
613,1.9260476969222258,391,lower
614,1.910503616651339,390,lower
615,1.8882847227209976,4116,lower
616,1.9880613390137205,86,lower
617,1.9939070409308506,78,lower
618,1.9144997392896554,389,lower
619,1.8345423051375431,395,lower
620,1.9386854076960982,397,lower
621,1.9038111540912663,4102,lower
622,1.987602428435762,384,lower
623,1.8903788425923267,394,lower
624,1.9501553340839055,399,lower
625,1.9474328407599089,409,lower
626,1.959429729818017,402,lower
627,1.920086676489547,386,lower
628,1.9131158631158631,403,lower
629,1.961560044893378,411,lower
630,1.9496085532251315,394,lower
631,1.9019257399929668,388,lower
632,1.8230219928880647,402,lower
633,1.9062633532945346,405,lower
634,1.96503549309474,394,lower
635,1.9253876717967984,396,lower
636,1.9335002385107367,403,lower
637,1.9078434817949046,80,lower
638,1.9626106036820328,389,lower
639,1.9583125933300152,75,lower
640,1.956345844946099,403,lower
641,1.973726028873088,403,lower
642,1.8335011782490775,392,lower
643,1.9261108794722241,403,lower
644,1.9377740288260128,406,lower
645,1.9446740306331318,397,lower
646,1.9487604300979653,398,lower
647,1.9744854810611114,83,lower
648,1.7688505031642288,79,lower
649,1.9538980789909066,79,lower
650,1.9240153779719602,87,lower
651,1.9316170750142878,399,lower
652,1.9453783111934222,398,lower
653,1.9541350031573814,409,lower
654,1.9639781271360217,398,lower
655,1.7723344971244135,389,lower
656,1.8889056049770336,4119,lower
657,1.9523854194585903,395,lower
658,1.975559124475213,399,lower
659,1.9569397811708553,81,lower
660,1.9274151748241388,398,lower
661,1.9646082509804317,406,lower
662,1.9233764445949322,4111,lower
663,1.994021396437363,4101,lower
664,1.9101541536154694,398,lower
665,1.940857229023595,385,lower
666,1.951330487323134,81,lower
667,1.9161790966815886,393,lower
668,1.88616502545074,414,lower
669,1.950885465829075,78,lower
670,1.9349751855240807,405,lower
671,1.9339863163180868,400,lower
672,1.9287360567122476,414,lower
673,1.8952984625603677,408,lower
674,1.9503356111145969,397,lower
675,1.938409124333494,389,lower
676,1.8848729860924989,408,lower
677,1.9777544351073766,75,lower
678,1.9579513496806735,416,lower
679,1.9428463643939833,396,lower
680,1.9721942474500023,409,lower
681,1.9273152879474722,392,lower
682,1.921574362873535,398,lower
683,1.9644763481046266,398,lower
684,1.909460735096624,432,lower
685,1.941779634412688,391,lower
686,1.9065047371703876,408,lower
687,1.9541468627589265,82,lower
688,1.932287157287158,426,lower
689,1.9592253842880414,403,lower
690,1.985951951630855,394,lower
691,1.9021029282365798,401,lower
692,1.9211537355225063,4106,lower
693,1.970264433417626,450,lower
694,1.9892217290369287,394,lower
695,1.923159225375974,403,lower
696,1.91701516962841,95,lower
697,1.9043864515503173,410,lower
698,1.9321420377549354,391,lower
699,1.9691873045514507,403,lower
700,1.8942102870674298,402,lower
701,1.971689903493227,389,lower
702,1.9531074328066809,393,lower
703,1.9338314955611875,404,lower
704,1.9508291134052687,384,lower
705,1.9695803784476758,78,lower
706,1.968359788359788,402,lower
707,1.8925076353938142,4122,lower
708,1.959334845049131,105,lower
709,1.9146075660537971,412,lower
710,1.9186400486120372,391,lower
711,1.9883761475604735,388,lower
712,1.9767312008978677,399,lower
713,1.9323599249013914,380,lower
714,1.9675163128576996,396,lower
715,1.9402372974632112,80,lower
716,1.9442866877390694,78,lower
717,1.9227533036006423,409,lower
718,1.876026744030946,4090,lower
719,1.9482125670996873,394,lower
720,1.9710860989328902,388,lower
721,1.9137642886697985,399,lower
722,1.940344231968882,415,lower
723,1.9685280172675137,415,lower
724,1.938363129504586,390,lower
725,1.884773632291054,393,lower
726,1.9648836408999013,77,lower
727,1.9741660165749804,393,lower
728,1.9676318914130355,388,lower
729,1.8868127710854459,395,lower
730,1.8969559161461154,399,lower
731,1.939212745202757,397,lower
732,1.9973444192491816,404,lower
733,1.9658449551933264,403,lower
734,1.9410122528543585,4114,lower
735,1.8863193860939305,441,lower
736,1.9558699761956067,414,lower
737,1.9527653124889754,89,lower
738,1.9214141414141415,389,lower
739,1.825644407497767,392,lower
740,1.95839632149156,399,lower
741,1.940176754462469,381,lower
742,1.9545786664834288,403,lower
743,1.8899719923747675,397,lower
744,1.944512826395843,4114,lower
745,1.949029719312223,4097,lower
746,1.885615508829795,396,lower
747,1.933403131764845,407,lower
748,1.9343709200852062,397,lower
749,1.9772587351438895,4144,lower
750,1.8835489246203532,392,lower
751,1.9328376776539495,401,lower
752,1.8874793046866456,395,lower
753,1.948155765802825,387,lower
754,1.9419711057823803,385,lower
755,1.9111548038018626,4102,lower
756,1.917048156817449,4107,lower
757,1.9039784289784292,401,lower
758,1.9553334599696834,4091,lower
759,1.9546907017145112,378,lower
760,1.9382716049382718,391,lower
761,2.002611898294672,391,lower
762,1.9483532554435918,400,lower
763,1.8895287286902198,398,lower
764,1.9069255843362989,4091,lower
765,1.8881161309066619,397,lower
766,1.9522797505566931,396,lower
767,1.9042215124532202,390,lower
768,1.9888029827315543,392,lower
769,1.9714966465797037,390,lower
770,1.9380064820541008,78,lower
771,1.9283942423404732,393,lower
772,1.856493110064539,398,lower
773,1.988083307397033,386,lower
774,1.8266280252633333,4109,lower
775,1.8745522360718443,405,lower
776,1.9537034258147707,69,lower
777,1.9707087692671588,402,lower
778,1.9396228455248403,386,lower
779,1.9266316557829508,388,lower
780,1.8817681830839728,97,lower
781,1.9682429783620266,83,lower
782,1.9521231219760633,387,lower
783,1.923291895882932,412,lower
784,2.006483967856149,78,lower
785,2.0019445204372084,390,lower
786,1.934559906555796,392,lower
787,1.9445780962532733,404,lower
788,1.9342604505917202,402,lower
789,1.914332069039543,4104,lower
790,1.8710413300348587,404,lower
791,1.9515054169816073,409,lower
792,1.8323488151087948,4093,lower
793,1.9193289917593057,387,lower
794,1.9458621447740587,77,lower
795,1.9316462656117832,409,lower
796,1.9617323570254974,422,lower
797,1.9371466360436953,419,lower
798,1.9421488591875498,4100,lower
799,1.8878464348702446,402,lower
800,1.9501228465688403,407,lower
801,1.9109167948453663,431,lower
802,1.9407965269441108,396,lower
803,1.9349143361048124,4101,lower
804,1.8523146295555262,400,lower
805,1.9585490020924197,397,lower
806,1.8765256102440977,398,lower
807,1.8488113764024126,385,lower
808,1.9911953603645682,405,lower
809,1.9648109051960598,392,lower
810,1.9276256727762329,398,lower
811,1.935294359636465,393,lower
812,1.960202391141642,393,lower
813,1.9446292454695817,387,lower
814,1.9474097017860843,400,lower
815,1.8646958856015476,391,lower
816,1.9513986314635887,4107,lower
817,1.9590186074429774,397,lower
818,1.8560440440774397,80,lower
819,1.815294127997578,4098,lower
820,1.9316744575311247,401,lower
821,1.9234260326165593,385,lower
822,1.9499828545630555,395,lower
823,1.8833652855081429,384,lower
824,1.835856009070295,389,lower
825,1.9102140856342535,4095,lower
826,1.9314793901750424,416,lower
827,2.0151501707402333,408,lower
828,1.926428678969329,414,lower
829,1.9249376593424212,396,lower
830,1.9602466342662423,95,lower
831,1.9497258667776878,396,lower
832,1.9611157952323368,392,lower
833,1.93640389620934,432,lower
834,1.8741653894759487,4116,lower
835,1.8086723086670566,4101,lower
836,1.9118134249673147,398,lower
837,1.8262566137566136,103,lower
838,1.856772201239988,400,lower
839,1.9431644880174292,392,lower
840,1.9486971908769941,407,lower
841,1.8966569365378891,4120,lower
842,1.9833948899425096,4120,lower
843,1.9713342795075144,4104,lower
844,1.9376223845167948,400,lower
845,1.9400642094956007,408,lower
846,1.9605974258750822,78,lower
847,1.9346774384712218,417,lower
848,1.9831125541384647,385,lower
849,1.8765610789770457,412,lower
850,1.9186004401760706,429,lower
851,1.9897578611864333,400,lower
852,1.9532802514945378,394,lower
853,1.8666357009792645,391,lower
854,1.9775215281794232,396,lower
855,1.9701148916061202,403,lower
856,1.9672061951002842,4113,lower
857,1.9518556179270468,97,lower
858,1.9344074929799466,4119,lower
859,1.9046042776084793,4096,lower
860,1.9723475355054303,398,lower
861,1.9698016405736998,390,lower
862,1.9424319727891155,405,lower
863,1.9257132030531048,393,lower
864,1.9475757240565603,83,lower
865,1.9851351864509763,402,lower
866,1.9799459688181495,82,lower
867,1.7810497413284871,386,lower
868,1.8723827756856213,4117,lower
869,1.9867346097035414,384,lower
870,1.967215330576675,76,lower
871,1.9192121484609173,397,lower
872,1.8719438134616708,398,lower
873,1.9059203142536478,80,lower
874,1.971791808163989,4093,lower
875,1.9257846578583013,89,lower
876,1.8324524083137528,395,lower
877,1.9533285988760614,76,lower
878,1.9708078413449381,75,lower
879,1.859710166117729,404,lower
880,1.9809177374653568,397,lower
881,1.8947492739785972,404,lower
882,1.98529143138737,80,lower
883,1.922626755720648,393,lower
884,1.9300561366737843,4099,lower
885,1.9460458152737636,399,lower
886,1.9174095418964061,401,lower
887,1.9116339617297051,400,lower
888,2.004283626029346,400,lower
889,1.9748698666864013,80,lower
890,1.7583057340392092,78,lower
891,1.9835251291258644,398,lower
892,1.8564399665590148,394,lower
893,1.9816668788727616,406,lower
894,1.9564197648756472,425,lower
895,1.9334709319242265,4140,lower
896,1.9106865064346863,411,lower
897,1.961937097853771,71,lower
898,1.9229660551089127,4109,lower
899,1.962510574097192,4107,lower
900,1.851961407019877,4124,lower
901,1.9163731418493328,422,lower
902,1.9571616143972999,75,lower
903,1.9520708156577722,403,lower
904,1.8675988914084154,401,lower
905,1.9667934997638827,81,lower
906,1.9683587975328354,392,lower
907,1.9201924168951225,397,lower
908,1.9326684685805344,401,lower
909,1.9184872116419733,394,lower
910,1.9009247919256542,387,lower
911,1.932064903467214,391,lower
912,1.9417209939531366,4105,lower
913,1.9417357448029717,382,lower
914,1.9527239065282544,395,lower
915,1.9410997732426305,413,lower
916,2.001981836505646,400,lower
917,1.9720341330755233,75,lower
918,1.8837780167888531,384,lower
919,1.9409429793652886,392,lower
920,1.9757855047373718,74,lower
921,1.9337199503045155,384,lower
922,1.9463252571560028,389,lower
923,1.936495811909891,4127,lower
924,1.962136521275177,397,lower
925,1.9493475923007415,392,lower
926,1.9855159100677313,4112,lower
927,1.905492846711334,4101,lower
928,1.9067299647131581,395,lower
929,1.9638679518594828,88,lower
930,1.9390194539922971,384,lower
931,1.998804007488581,382,lower
932,1.9657081921087527,4130,lower
933,1.8894101618844514,4109,lower
934,1.9293949631134504,389,lower
935,1.8955735071806505,4118,lower
936,1.8206513680449599,4118,lower
937,1.9128821537648484,396,lower
938,1.9482771220239896,395,lower
939,1.8834162883061756,396,lower
940,1.915986945153612,402,lower
941,1.8872558885214166,4110,lower
942,1.8695629767058344,412,lower
943,1.9452519812638862,4113,lower
944,1.9252260919515274,402,lower
945,1.883250677893535,393,lower
946,1.938256520556941,402,lower
947,1.9022713529856392,392,lower
948,1.902790555616186,382,lower
949,1.9688525980192646,386,lower
950,1.8889408541194257,389,lower
951,1.9395603758072435,82,lower
952,1.976276844070962,405,lower
953,1.9669627110103296,77,lower
954,1.9756130361501325,397,lower
955,1.844640955404378,388,lower
956,1.9642361318916624,394,lower
957,1.973913344799199,383,lower
958,1.8736789665361095,404,lower
959,1.9361800121893291,399,lower
960,1.8913853622256986,394,lower
961,1.9673059608458765,391,lower
962,1.9212790412038536,77,lower
963,1.9043305880933903,389,lower
964,1.8918960846225654,407,lower
965,1.9706632589308033,397,lower
966,1.9814742761399686,397,lower
967,1.9451646542089247,393,lower
968,1.9270341166769742,387,lower
969,1.9733762269476558,4096,lower
970,1.974509419152276,76,lower
971,1.9539757588179394,385,lower
972,1.9664756648716553,391,lower
973,1.9592069413788347,70,lower
974,1.9035260400456484,406,lower
975,1.9718185253899543,394,lower
976,1.9593874341596562,385,lower
977,1.9035712938374005,400,lower
978,1.9077138956838209,389,lower
979,1.9174990374017358,425,lower
980,1.9532997338669607,386,lower
981,1.948300044968644,395,lower
982,1.9640209043448253,418,lower
983,1.9692130428114718,386,lower
984,1.9264683794027053,412,lower
985,1.938456323450058,395,lower
986,1.946603706830493,388,lower
987,1.9428232609027585,393,lower
988,1.9134632342965683,4110,lower
989,1.952363201172725,399,lower
990,1.9197543327095148,393,lower
991,1.947664058010849,397,lower
992,1.9276183007238907,389,lower
993,1.995157111018456,402,lower
994,1.9207779718302354,405,lower
995,1.9744664239964993,391,lower
996,1.9656401042801948,4107,lower
997,1.9274725274725273,394,lower
998,1.9246353930556368,4135,lower
999,1.9365933653277014,4109,lower
1000,2.7422041674278055,108,higher
1001,2.768356007377823,389,higher
1002,2.7090872166816333,77,higher
1003,2.702711851423795,81,higher
1004,2.694947211564375,75,higher
1005,2.730946377064389,82,higher
1006,2.6989263676680744,120,higher
1007,2.7165262136875956,73,higher
1008,2.712020513704158,76,higher
1009,2.724527321982851,74,higher
1010,2.7126128036425765,390,higher
1011,2.7593878950459594,81,higher
1012,2.7338423919495503,75,higher
1013,2.7303313309562065,77,higher
1014,2.725193095681817,72,higher
1015,2.7302045740525194,73,higher
1016,2.701208695617827,72,higher
1017,2.7104619969281623,77,higher
1018,2.7208651168770026,117,higher
1019,2.7513722453528864,73,higher
1020,2.7036879989260942,78,higher
1021,2.73832673724035,116,higher
1022,2.6775991265383756,86,higher
1023,2.7154508388217655,88,higher
1024,2.742258297439729,71,higher
1025,2.709094330582056,76,higher
1026,2.7324363358361397,79,higher
1027,2.7156794860177045,405,higher
1028,2.7354866362124266,69,higher
1029,2.7206039571193883,82,higher
1030,2.7075774798450385,89,higher
1031,2.7028832424495355,73,higher
1032,2.7322206442366754,74,higher
1033,2.7252846899056884,68,higher
1034,2.742131655275845,72,higher
1035,2.743536348149173,73,higher
1036,2.693423175564768,70,higher
1037,2.6974176997121555,70,higher
1038,2.7028475132442673,74,higher
1039,2.7609633537470057,83,higher
1040,2.731330311469283,68,higher
1041,2.7446659878394635,70,higher
1042,2.6865636065605227,80,higher
1043,2.76987099328552,76,higher
1044,2.7172752948359413,71,higher
1045,2.7397766355061113,74,higher
1046,2.7408666604122143,67,higher
1047,2.7301063927839775,73,higher
1048,2.703923936933881,73,higher
1049,2.7351325606623376,74,higher
1050,2.741484549724978,73,higher
1051,2.723663971113461,91,higher
1052,2.706354971914154,70,higher
1053,2.7208754448446664,72,higher
1054,2.708993980734056,80,higher
1055,2.720068543509499,71,higher
1056,2.7065504133802016,72,higher
1057,2.72882621351293,72,higher
1058,2.6914773719325074,80,higher
1059,2.741274472631317,75,higher
1060,2.7148735170222755,74,higher
1061,2.7320945729028088,71,higher
1062,2.722345653868205,77,higher
1063,2.725321040645899,69,higher
1064,2.7365861964615616,73,higher
1065,2.7398265999395526,70,higher
1066,2.7251759022429356,71,higher
1067,2.7159702214817663,78,higher
1068,2.7235725698694515,77,higher
1069,2.713013779736621,78,higher
1070,2.7072767898582435,70,higher
1071,2.720290272517307,99,higher
1072,2.7293147077932787,77,higher
1073,2.7012051576939693,71,higher
1074,2.7021717965911076,74,higher
1075,2.759755205074014,71,higher
1076,2.764394971828871,73,higher
1077,2.690032321533645,77,higher
1078,2.7360028982992812,75,higher
1079,2.7042733754762773,80,higher
1080,2.7381910700788255,71,higher
1081,2.7182186457242756,81,higher
1082,2.723930072334336,70,higher
1083,2.7096583945806096,82,higher
1084,2.744450170640646,393,higher
1085,2.7133067302105287,72,higher
1086,2.7143198510889883,73,higher
1087,2.7103329223773933,70,higher
1088,2.7441179042912163,71,higher
1089,2.702666960586233,82,higher
1090,2.6977772225742376,113,higher
1091,2.7577168246279276,71,higher
1092,2.7367017716794013,77,higher
1093,2.7326242817834347,72,higher
1094,2.7598592185311,73,higher
1095,2.729574947384077,81,higher
1096,2.7204772844810434,71,higher
1097,2.719559603631037,71,higher
1098,2.7346709124904613,72,higher
1099,2.7081705922588615,85,higher
1100,2.706718748730726,388,higher
1101,2.6977122804046494,74,higher
1102,2.7207508734487944,65,higher
1103,2.728683785726176,68,higher
1104,2.7161376612986725,67,higher
1105,2.719847459603895,71,higher
1106,2.7591932255945233,69,higher
1107,2.7241152874978813,395,higher
1108,2.722669475946811,388,higher
1109,2.713971368508925,75,higher
1110,2.740841760818426,71,higher
1111,2.708611294952147,73,higher
1112,2.7065395407780803,79,higher
1113,2.7267678840673826,70,higher
1114,2.7482159727801005,65,higher
1115,2.727523101332625,85,higher
1116,2.7193384020274776,75,higher
1117,2.6985969273121446,68,higher
1118,2.7293536872484236,74,higher
1119,2.683639794603539,72,higher
1120,2.7239722582582138,68,higher
1121,2.7470741221489106,68,higher
1122,2.7346906355782634,93,higher
1123,2.7082474127764433,75,higher
1124,2.709858646503654,74,higher
1125,2.7426324610698587,70,higher
1126,2.727245183382586,82,higher
1127,2.71753181043643,71,higher
1128,2.704675517448399,72,higher
1129,2.752200719257107,73,higher
1130,2.728917511393781,105,higher
1131,2.715434433795554,70,higher
1132,2.74424628762871,76,higher
1133,2.742822940224536,75,higher
1134,2.710433617098381,74,higher
1135,2.7044846422514164,71,higher
1136,2.69857525073977,76,higher
1137,2.720949791613543,76,higher
1138,2.7423505797425514,69,higher
1139,2.765526625919549,71,higher
1140,2.7276177818707903,75,higher
1141,2.773340905749001,74,higher
1142,2.720673342019765,72,higher
1143,2.670998774541599,73,higher
1144,2.698729781311235,70,higher
1145,2.705105642193214,77,higher
1146,2.760406711472764,70,higher
1147,2.722878809035369,74,higher
1148,2.7497530642440333,73,higher
1149,2.69941346909134,70,higher
1150,2.718636819765113,81,higher
1151,2.7187238098118236,77,higher
1152,2.724919867829478,74,higher
1153,2.704010688095901,68,higher
1154,2.7359082953651273,72,higher
1155,2.7448444696521785,76,higher
1156,2.737816681026426,77,higher
1157,2.7243908741520038,396,higher
1158,2.714370727177445,77,higher
1159,2.7028117705406274,84,higher
1160,2.7436406423831885,396,higher
1161,2.715650878245895,112,higher
1162,2.7528668415376654,391,higher
1163,2.7160443641047323,87,higher
1164,2.758494291291435,71,higher
1165,2.69656758538964,389,higher
1166,2.6809693403647428,74,higher
1167,2.749672774093881,78,higher
1168,2.734273574749765,80,higher
1169,2.7241836046195864,76,higher
1170,2.7105254469049984,83,higher
1171,2.781196391374797,72,higher
1172,2.715530196372952,68,higher
1173,2.733410385058775,73,higher
1174,2.719851916995263,79,higher
1175,2.7272873614491884,101,higher
1176,2.7406921822535444,87,higher
1177,2.7344813244735464,69,higher
1178,2.72928210771742,76,higher
1179,2.700988887637029,74,higher
1180,2.725734414149201,75,higher
1181,2.686783689698621,70,higher
1182,2.716164894136523,74,higher
1183,2.742456713649985,75,higher
1184,2.7119252235611624,90,higher
1185,2.6865622682371453,73,higher
1186,2.725928476844212,64,higher
1187,2.7246720503179205,83,higher
1188,2.7151718020952855,70,higher
1189,2.725814392152792,80,higher
1190,2.7050868808101565,75,higher
1191,2.7053160171621213,73,higher
1192,2.719586477221992,85,higher
1193,2.742772747517969,73,higher
1194,2.739696226777901,74,higher
1195,2.7154127178440683,73,higher
1196,2.7248854220772887,70,higher
1197,2.742056519126913,81,higher
1198,2.7024494609366316,71,higher
1199,2.749923339639008,73,higher
1200,2.719544265257647,75,higher
1201,2.719505191557554,76,higher
1202,2.7321098938223645,70,higher
1203,2.7066800025133357,80,higher
1204,2.741330147902218,72,higher
1205,2.682790851659383,73,higher
1206,2.7595121461662817,87,higher
1207,2.700350523953469,77,higher
1208,2.7520908845673597,431,higher
1209,2.7331652523225927,77,higher
1210,2.7452708976393048,73,higher
1211,2.756429121072693,109,higher
1212,2.7284908119553917,82,higher
1213,2.7088198018271905,86,higher
1214,2.680687830687831,78,higher
1215,2.728292771776159,77,higher
1216,2.7141824694982475,71,higher
1217,2.7203312761601866,74,higher
1218,2.73045351708453,76,higher
1219,2.7277246813728255,65,higher
1220,2.731988811712498,77,higher
1221,2.7169616078846195,69,higher
1222,2.7027601278513083,72,higher
1223,2.7355463044972983,69,higher
1224,2.7122527142375885,77,higher
1225,2.7201051219423755,80,higher
1226,2.721962319217958,75,higher
1227,2.7235894558528297,86,higher
1228,2.695206494253704,83,higher
1229,2.7617933736106175,87,higher
1230,2.7171177297248286,73,higher
1231,2.699112466412109,70,higher
1232,2.748058999650705,73,higher
1233,2.732485568730839,72,higher
1234,2.733835443298971,73,higher
1235,2.719363526977883,107,higher
1236,2.747168923618729,74,higher
1237,2.7394305441611206,78,higher
1238,2.740680906365278,398,higher
1239,2.710787349529284,75,higher
1240,2.694020766201217,71,higher
1241,2.7219085028170324,68,higher
1242,2.709777263412238,92,higher
1243,2.707743041486883,95,higher
1244,2.715902833754448,72,higher
1245,2.737648850686091,72,higher
1246,2.7256943301949184,79,higher
1247,2.701967636772739,395,higher
1248,2.7036614647068107,74,higher
1249,2.68865395850559,75,higher
1250,2.7375510657369726,77,higher
1251,2.7288392787977114,76,higher
1252,2.7330261281032606,71,higher
1253,2.7513111445336627,75,higher
1254,2.738892306929143,76,higher
1255,2.718690330267223,70,higher
1256,2.7266582605582275,74,higher
1257,2.7436525725965155,83,higher
1258,2.7325880134310787,75,higher
1259,2.7026539151472426,73,higher
1260,2.7051876545122227,85,higher
1261,2.702226464417923,68,higher
1262,2.739480486164509,83,higher
1263,2.7342609698306823,74,higher
1264,2.75009398401881,88,higher
1265,2.7029405341099695,75,higher
1266,2.7182124748754544,80,higher
1267,2.7288699924414206,68,higher
1268,2.7121464589775943,393,higher
1269,2.730997499097967,68,higher
1270,2.6966629836165827,75,higher
1271,2.719959793352954,73,higher
1272,2.7311735718195598,81,higher
1273,2.7202458872511213,87,higher
1274,2.7398177554103076,79,higher
1275,2.7367486838790094,74,higher
1276,2.7009441208521103,72,higher
1277,2.721244157738462,69,higher
1278,2.7290277395906934,74,higher
1279,2.689346188084104,77,higher
1280,2.703802481198182,79,higher
1281,2.7223002907213436,72,higher
1282,2.708686786598958,105,higher
1283,2.735009933973162,78,higher
1284,2.7084612368746614,71,higher
1285,2.710804314792514,383,higher
1286,2.7119115501146855,72,higher
1287,2.6999412728054177,77,higher
1288,2.719982984900144,74,higher
1289,2.7106501355831645,96,higher
1290,2.7077976722605532,74,higher
1291,2.7368840883619208,71,higher
1292,2.7234324582376073,71,higher
1293,2.7008015488344093,73,higher
1294,2.7023344971370524,68,higher
1295,2.727991182390928,83,higher
1296,2.706041853564233,390,higher
1297,2.730674516570956,391,higher
1298,2.7173435711884775,77,higher
1299,2.720414908830801,75,higher
1300,2.744165079082346,76,higher
1301,2.74881981546812,397,higher
1302,2.759389580464672,69,higher
1303,2.7189058933502444,71,higher
1304,2.705171848782298,69,higher
1305,2.7705439147909288,79,higher
1306,2.7219972671963304,89,higher
1307,2.7448855950053375,80,higher
1308,2.69814552385888,81,higher
1309,2.700544320464104,75,higher
1310,2.719090022385178,109,higher
1311,2.6926174957503277,104,higher
1312,2.7353201682833364,89,higher
1313,2.711148536645537,70,higher
1314,2.7188318017265383,82,higher
1315,2.727122343232472,385,higher
1316,2.70335376347344,86,higher
1317,2.7067120459974108,78,higher
1318,2.7266900244454426,83,higher
1319,2.7182121867671944,420,higher
1320,2.7136958706612653,67,higher
1321,2.7096133740140167,76,higher
1322,2.7407223163514245,70,higher
1323,2.7417267457985464,104,higher
1324,2.7272873006167933,75,higher
1325,2.72386420497515,79,higher
1326,2.7177940162894707,388,higher
1327,2.707150108454713,80,higher
1328,2.7277627747196065,71,higher
1329,2.7308739942219478,73,higher
1330,2.715225072839697,73,higher
1331,2.7030801363902675,86,higher
1332,2.7241115461588126,74,higher
1333,2.7353163939691125,74,higher
1334,2.7016595928876623,77,higher
1335,2.766932868798525,66,higher
1336,2.7455039460678554,80,higher
1337,2.696501767054096,76,higher
1338,2.724801180440278,70,higher
1339,2.760086342229199,109,higher
1340,2.7126130395867234,77,higher
1341,2.6973165423354013,74,higher
1342,2.7589773043720416,72,higher
1343,2.720672252640894,77,higher
1344,2.7183960431890037,92,higher
1345,2.7437774330004907,69,higher
1346,2.7200168485146903,77,higher
1347,2.7406732150595485,74,higher
1348,2.718501974627546,67,higher
1349,2.7131242775596727,72,higher
1350,2.7288175308592733,72,higher
1351,2.761502227177682,82,higher
1352,2.730306326734898,63,higher
1353,2.705815642534723,67,higher
1354,2.7209757217563304,83,higher
1355,2.736441894850626,80,higher
1356,2.7281683707017295,75,higher
1357,2.7258174237436905,75,higher
1358,2.730137816016211,72,higher
1359,2.7066281125523624,74,higher
1360,2.712746890678414,69,higher
1361,2.7004145669764483,79,higher
1362,2.71929896014124,69,higher
1363,2.694528682546049,85,higher
1364,2.7656918244050965,67,higher
1365,2.734751701604741,78,higher
1366,2.7034983693229417,386,higher
1367,2.7006623666656093,84,higher
1368,2.7160748084238207,81,higher
1369,2.7342667724754315,73,higher
1370,2.716446528038007,73,higher
1371,2.7317947646895013,78,higher
1372,2.7241015547837013,69,higher
1373,2.725789603125184,78,higher
1374,2.7115156781065983,79,higher
1375,2.7334665998823233,76,higher
1376,2.7537254433626956,71,higher
1377,2.7085300631943876,68,higher
1378,2.7198588625524867,72,higher
1379,2.7421692684648074,81,higher
1380,2.7079982323824687,78,higher
1381,2.731582247834871,66,higher
1382,2.750330225101253,80,higher
1383,2.730312600477236,81,higher
1384,2.7096833922751107,78,higher
1385,2.747172902829877,75,higher
1386,2.7533321398734936,65,higher
1387,2.707092139534364,386,higher
1388,2.728919438145628,76,higher
1389,2.7004561350378915,103,higher
1390,2.7333905835375805,68,higher
1391,2.721536635383484,66,higher
1392,2.7413702435999046,76,higher
1393,2.7273036565053372,107,higher
1394,2.72403443217369,66,higher
1395,2.7453678782798994,83,higher
1396,2.7049636594536954,85,higher
1397,2.7284474207444744,392,higher
1398,2.7289154674806304,403,higher
1399,2.6967881464122065,72,higher
1400,2.712153183769725,390,higher
1401,2.7402500776365675,71,higher
1402,2.6998226358472324,70,higher
1403,2.716131264486557,88,higher
1404,2.726579013671745,71,higher
1405,2.749898075354983,82,higher
1406,2.7243686370252784,67,higher
1407,2.698503559210238,78,higher
1408,2.703980703392468,390,higher
1409,2.7063668574472755,71,higher
1410,2.70840932773571,70,higher
1411,2.7184076871364145,66,higher
1412,2.7158207771624623,78,higher
1413,2.7213863323107015,75,higher
1414,2.7023849305804184,85,higher
1415,2.7141068105746475,70,higher
1416,2.7455369068280024,68,higher
1417,2.7068380202908884,75,higher
1418,2.7194694210410324,70,higher
1419,2.730590276705565,71,higher
1420,2.7191663487950133,68,higher
1421,2.733359706604999,395,higher
1422,2.7115260185776147,65,higher
1423,2.7059256665000153,76,higher
1424,2.6912515153635193,66,higher
1425,2.688242775347234,75,higher
1426,2.743025636440229,82,higher
1427,2.7178063622538184,92,higher
1428,2.7465920986608285,110,higher
1429,2.7168934230276096,72,higher
1430,2.7313053919068957,70,higher
1431,2.724350688573619,389,higher
1432,2.6978079159284336,106,higher
1433,2.6971855503128306,74,higher
1434,2.7344833724281377,69,higher
1435,2.7031759675058304,91,higher
1436,2.7490648899857835,77,higher
1437,2.729794211591446,66,higher
1438,2.719436635301429,81,higher
1439,2.7158866598006903,84,higher
1440,2.726139000700404,86,higher
1441,2.7023859481843293,84,higher
1442,2.7347511526164676,77,higher
1443,2.728802315074409,68,higher
1444,2.723225678373018,74,higher
1445,2.73636373786731,111,higher
1446,2.740617416557266,70,higher
1447,2.7111549165120596,78,higher
1448,2.6810912785337266,89,higher
1449,2.720614532362652,74,higher
1450,2.7160242378329507,74,higher
1451,2.7283607718544314,80,higher
1452,2.7344334226703406,74,higher
1453,2.728654713388712,74,higher
1454,2.7572881904062827,76,higher
1455,2.753991439653671,79,higher
1456,2.7296945409386573,78,higher
1457,2.717980470466465,72,higher
1458,2.7357031354356978,72,higher
1459,2.762401550431327,74,higher
1460,2.706376296714295,75,higher
1461,2.727627763028765,108,higher
1462,2.744765913562906,69,higher
1463,2.7556744732846745,74,higher
1464,2.7237696691579854,78,higher
1465,2.709425514845314,73,higher
1466,2.730941580869844,70,higher
1467,2.7317582250533285,71,higher
1468,2.76982667026367,68,higher
1469,2.728990931160147,78,higher
1470,2.728254492847426,72,higher
1471,2.7383663253986894,69,higher
1472,2.726420682275483,70,higher
1473,2.7413958596300483,78,higher
1474,2.7057666553325506,129,higher
1475,2.715828163856424,75,higher
1476,2.7113577996395435,83,higher
1477,2.7253013304561375,70,higher
1478,2.7329419862873445,77,higher
1479,2.698194856966787,70,higher
1480,2.721479988802799,73,higher
1481,2.721247162367204,70,higher
1482,2.748887923890974,66,higher
1483,2.695698827998326,115,higher
1484,2.681089719247614,74,higher
1485,2.7034132646522155,80,higher
1486,2.728189325458233,93,higher
1487,2.7281884743988702,71,higher
1488,2.734827250833218,85,higher
1489,2.744196226343083,72,higher
1490,2.7238884000788763,79,higher
1491,2.7135181945483566,77,higher
1492,2.7095515353154394,64,higher
1493,2.7317886350555227,80,higher
1494,2.7512621401354758,79,higher
1495,2.7299204337332545,81,higher
1496,2.7330901268583956,63,higher
1497,2.7383023757083906,69,higher
1498,2.712044266622513,75,higher
1499,2.7053822513441386,77,higher
1500,2.767282527045906,70,higher
1501,2.734629301391497,80,higher
1502,2.7323549327308725,93,higher
1503,2.7085674695410074,77,higher
1504,2.706912578052317,73,higher
1505,2.703381022674947,99,higher
1506,2.6935562341517136,66,higher
1507,2.7490503442667067,72,higher
1508,2.6920321164338468,77,higher
1509,2.7012448449165243,86,higher
1510,2.690196219402849,75,higher
1511,2.706169467393017,76,higher
1512,2.7648002784097954,75,higher
1513,2.7243263687097055,83,higher
1514,2.723542652928618,82,higher
1515,2.7201827929434983,74,higher
1516,2.7223413873789815,71,higher
1517,2.755942141846375,68,higher
1518,2.7078924162257487,75,higher
1519,2.7313316242676406,77,higher
1520,2.7253922286082024,76,higher
1521,2.691725405789839,84,higher
1522,2.7198246940101574,92,higher
1523,2.725421395515868,81,higher
1524,2.73529364723946,81,higher
1525,2.7456113368306894,76,higher
1526,2.720176028845581,85,higher
1527,2.6914553498016462,71,higher
1528,2.7219444511811455,390,higher
1529,2.711465742191948,80,higher
1530,2.744952783932586,108,higher
1531,2.6965681144252573,71,higher
1532,2.75471243931619,76,higher
1533,2.7269627854377774,75,higher
1534,2.709519417197361,85,higher
1535,2.7112284289066615,66,higher
1536,2.73547051013302,67,higher
1537,2.6977635332824668,78,higher
1538,2.727065574883614,386,higher
1539,2.721808995354933,80,higher
1540,2.7370307950248254,74,higher
1541,2.7050786434960314,70,higher
1542,2.7080037401047186,70,higher
1543,2.736273963939595,83,higher
1544,2.7405932420506893,90,higher
1545,2.7111845651976467,71,higher
1546,2.7103443131638616,80,higher
1547,2.701741548269506,113,higher
1548,2.719251161629452,72,higher
1549,2.7508005222290937,107,higher
1550,2.729500111226486,75,higher
1551,2.7526027764123,105,higher
1552,2.711863810260537,75,higher
1553,2.727740865609928,82,higher
1554,2.702619367920102,78,higher
1555,2.7050600670426093,74,higher
1556,2.7130636485821875,72,higher
1557,2.724203365556748,78,higher
1558,2.7501879062495243,75,higher
1559,2.6962647060078133,86,higher
1560,2.784524609816647,77,higher
1561,2.7229306517773626,69,higher
1562,2.7140637529151923,71,higher
1563,2.72970464918616,70,higher
1564,2.740965369847074,74,higher
1565,2.7235760480390465,70,higher
1566,2.706440419673296,75,higher
1567,2.7335619193914122,83,higher
1568,2.731041234232396,74,higher
1569,2.724597905497339,82,higher
1570,2.7502390084157002,71,higher
1571,2.749942684338803,105,higher
1572,2.7036052058431794,87,higher
1573,2.7634799907452114,387,higher
1574,2.752086088106275,71,higher
1575,2.726695415512861,69,higher
1576,2.722939017454788,387,higher
1577,2.72376086996599,85,higher
1578,2.7187646560372722,80,higher
1579,2.7145437322314296,69,higher
1580,2.7410649555423254,71,higher
1581,2.7050580411396976,80,higher
1582,2.7250270034401933,76,higher
1583,2.7681806729425777,72,higher
1584,2.7577128385977168,384,higher
1585,2.723443169438925,75,higher
1586,2.7106797539828644,72,higher
1587,2.726824737511833,74,higher
1588,2.712311392543222,64,higher
1589,2.72280756517305,67,higher
1590,2.738381149911087,69,higher
1591,2.734773021021842,87,higher
1592,2.738034502088586,73,higher
1593,2.749933972326845,80,higher
1594,2.7568006727864502,77,higher
1595,2.72775987669017,70,higher
1596,2.732901877376843,74,higher
1597,2.719063970412931,68,higher
1598,2.7266815581746457,85,higher
1599,2.735396425866134,79,higher
1600,2.76934321934336,71,higher
1601,2.732894611715134,80,higher
1602,2.6948992326840777,78,higher
1603,2.7375714474391395,79,higher
1604,2.7057668904190693,72,higher
1605,2.7291502245093118,68,higher
1606,2.7255332000946035,92,higher
1607,2.7480255066660595,80,higher
1608,2.7212161934765855,68,higher
1609,2.736525184645485,108,higher
1610,2.725390755356574,74,higher
1611,2.6930283561235946,67,higher
1612,2.7370453964930594,72,higher
1613,2.7390065286177125,81,higher
1614,2.737866138438791,72,higher
1615,2.736838775683169,68,higher
1616,2.7272284924070633,88,higher
1617,2.7111817374771814,76,higher
1618,2.7438379232336514,68,higher
1619,2.7305372381737074,74,higher
1620,2.718878978689024,70,higher
1621,2.750413358311151,75,higher
1622,2.7124574230683054,386,higher
1623,2.736602105909573,71,higher
1624,2.718788318580776,66,higher
1625,2.692826954724111,80,higher
1626,2.7120580618420043,74,higher
1627,2.7061394926927655,72,higher
1628,2.711268415379604,83,higher
1629,2.7249258062400834,82,higher
1630,2.73598977602737,69,higher
1631,2.7001174970909085,74,higher
1632,2.74288143198129,70,higher
1633,2.7264225980618253,87,higher
1634,2.6967386873777848,83,higher
1635,2.780587388135041,77,higher
1636,2.7309057303202144,73,higher
1637,2.7035503540147494,71,higher
1638,2.7391853914645274,76,higher
1639,2.720373529014082,65,higher
1640,2.708253208017255,75,higher
1641,2.7090468120617017,70,higher
1642,2.7664248242494707,68,higher
1643,2.7378045796852986,87,higher
1644,2.747734077028001,77,higher
1645,2.7005465058472575,73,higher
1646,2.7300152258716484,85,higher
1647,2.711413637879615,77,higher
1648,2.7454604918890637,109,higher
1649,2.728864337920947,71,higher
1650,2.718316227784752,390,higher
1651,2.739323175295266,116,higher
1652,2.728837529689589,71,higher
1653,2.7232625650017694,70,higher
1654,2.7508027782904887,76,higher
1655,2.717692603925824,71,higher
1656,2.7221905783185236,70,higher
1657,2.7342303917614474,80,higher
1658,2.738022959259313,68,higher
1659,2.758564631374685,77,higher
1660,2.7218998451491445,68,higher
1661,2.7400599595172457,71,higher
1662,2.7033409089135922,65,higher
1663,2.707268802420381,80,higher
1664,2.7164043425395965,74,higher
1665,2.722396966828,71,higher
1666,2.6833171055037957,72,higher
1667,2.7502157466619748,69,higher
1668,2.725664552739593,75,higher
1669,2.7317351957947347,76,higher
1670,2.7730376541697304,121,higher
1671,2.6960144310464327,82,higher
1672,2.7365984330612614,76,higher
1673,2.735787295424992,76,higher
1674,2.7102653217941435,65,higher
1675,2.7314692578147293,76,higher
1676,2.7279945416598137,78,higher
1677,2.729815207149307,79,higher
1678,2.7052614614071215,80,higher
1679,2.7130266416330833,71,higher
1680,2.7113099305131803,77,higher
1681,2.7264246013972504,82,higher
1682,2.6796007666445956,76,higher
1683,2.7129988454340648,77,higher
1684,2.7394144643502103,69,higher
1685,2.725334356554298,73,higher
1686,2.7124605639357187,72,higher
1687,2.727131405328607,84,higher
1688,2.694025064829794,72,higher
1689,2.7053037808581086,83,higher
1690,2.743439251842677,73,higher
1691,2.7334182306154284,73,higher
1692,2.7280126531327005,68,higher
1693,2.717697819587886,77,higher
1694,2.748977245492925,76,higher
1695,2.7400514498728783,77,higher
1696,2.7267489406997756,78,higher
1697,2.709999980794447,110,higher
1698,2.713838664120619,73,higher
1699,2.7271541402103465,80,higher
1700,2.716316769204203,74,higher
1701,2.7051711413385533,84,higher
1702,2.743531965045798,402,higher
1703,2.7245505210701175,394,higher
1704,2.7046891029033886,88,higher
1705,2.686095219630277,82,higher
1706,2.709650170063444,74,higher
1707,2.6993463283897943,74,higher
1708,2.7317085164112003,71,higher
1709,2.7151300046907965,71,higher
1710,2.7687468866370715,81,higher
1711,2.7192802474696727,77,higher
1712,2.7550225483715955,79,higher
1713,2.733663355397131,74,higher
1714,2.7259883084287844,69,higher
1715,2.736157866386455,72,higher
1716,2.7225308000373496,74,higher
1717,2.7334362013376157,72,higher
1718,2.7294365676691434,73,higher
1719,2.7326849633240604,72,higher
1720,2.726827696887022,77,higher
1721,2.7067410330272077,72,higher
1722,2.7119148380560114,70,higher
1723,2.7238358790305512,72,higher
1724,2.7609969450069562,69,higher
1725,2.7576678900981033,399,higher
1726,2.7194584281246303,83,higher
1727,2.724595196407814,81,higher
1728,2.7306546852885525,71,higher
1729,2.735556807435346,83,higher
1730,2.6998566816289027,70,higher
1731,2.7198274591832012,74,higher
1732,2.7343339985679527,72,higher
1733,2.7149359455474005,75,higher
1734,2.699858821278441,67,higher
1735,2.736399928270065,73,higher
1736,2.712129225393232,70,higher
1737,2.735645575437895,76,higher
1738,2.7376574495299537,68,higher
1739,2.7112613402345085,82,higher
1740,2.7141270238224053,80,higher
1741,2.7173686887281217,70,higher
1742,2.743175694888287,85,higher
1743,2.7018873920922455,73,higher
1744,2.71572938893864,77,higher
1745,2.712887370206687,389,higher
1746,2.709491502642141,69,higher
1747,2.7125213799978547,85,higher
1748,2.73032476772711,77,higher
1749,2.7284031386788277,76,higher
1750,2.7154216618032727,74,higher
1751,2.742356929970946,72,higher
1752,2.7218783386015977,77,higher
1753,2.7239185744635384,73,higher
1754,2.728193979968772,71,higher
1755,2.717570300969347,77,higher
1756,2.719490265605553,71,higher
1757,2.7157177603646163,75,higher
1758,2.7201393690880655,75,higher
1759,2.6797275475846902,74,higher
1760,2.721328773990692,74,higher
1761,2.768045208484805,78,higher
1762,2.7233301040080917,399,higher
1763,2.6820650909936625,397,higher
1764,2.734444938041656,76,higher
1765,2.71437656565415,79,higher
1766,2.7231580890951785,72,higher
1767,2.709922188994157,66,higher
1768,2.7079800873033952,78,higher
1769,2.7365957336415216,83,higher
1770,2.725693786380743,108,higher
1771,2.7667484912962244,68,higher
1772,2.7209291653169205,72,higher
1773,2.749751343798963,71,higher
1774,2.713490420322718,66,higher
1775,2.7311878434912313,84,higher
1776,2.7207204492853956,67,higher
1777,2.7403824731988164,71,higher
1778,2.740258132424455,79,higher
1779,2.7558787837426246,75,higher
1780,2.7212303940000195,73,higher
1781,2.7179189544814344,72,higher
1782,2.7241466847315703,67,higher
1783,2.733049422007767,76,higher
1784,2.7182274811884577,74,higher
1785,2.7308054258430725,112,higher
1786,2.7294833623338306,113,higher
1787,2.72816567170516,74,higher
1788,2.7426677338284895,78,higher
1789,2.695935032816592,70,higher
1790,2.7154598797753926,79,higher
1791,2.6997695961837405,70,higher
1792,2.7271880565110815,71,higher
1793,2.7309248613287673,72,higher
1794,2.7366458377008946,81,higher
1795,2.7082507113131338,81,higher
1796,2.7213135954767202,67,higher
1797,2.7160308978604712,72,higher
1798,2.70333161979613,84,higher
1799,2.734783470430778,73,higher
1800,2.7396123524315743,111,higher
1801,2.739764529249372,384,higher
1802,2.713828573360749,73,higher
1803,2.698827276056988,77,higher
1804,2.6997957601835476,71,higher
1805,2.695499898789925,71,higher
1806,2.7494280955065267,75,higher
1807,2.722602838638618,84,higher
1808,2.6949437087307606,74,higher
1809,2.7606690253749075,75,higher
1810,2.7343418638735852,75,higher
1811,2.680673634674459,81,higher
1812,2.741612763290696,74,higher
1813,2.766637590418461,67,higher
1814,2.7142553426295413,68,higher
1815,2.731448034889491,70,higher
1816,2.7419976868494835,89,higher
1817,2.7172473864334328,75,higher
1818,2.701934745052448,95,higher
1819,2.7460559460952116,73,higher
1820,2.7207841399563586,75,higher
1821,2.75950189221535,69,higher
1822,2.6881422744536407,69,higher
1823,2.7317326169143215,72,higher
1824,2.7154780334342083,79,higher
1825,2.7174373327446224,89,higher
1826,2.697280900664359,74,higher
1827,2.685281692242484,81,higher
1828,2.740275057271593,76,higher
1829,2.7157732486794677,76,higher
1830,2.7230032111774514,75,higher
1831,2.693666150964287,78,higher
1832,2.724697676495649,70,higher
1833,2.704324570239357,402,higher
1834,2.734604378575843,75,higher
1835,2.710813619143848,74,higher
1836,2.730304476472315,109,higher
1837,2.7325291191882024,79,higher
1838,2.742548061501781,86,higher
1839,2.7474695792364963,74,higher
1840,2.737060193728076,78,higher
1841,2.718960039662202,82,higher
1842,2.6995390357158064,117,higher
1843,2.7111827559306545,78,higher
1844,2.7289085205782375,69,higher
1845,2.72603530157052,67,higher
1846,2.7292032404001025,79,higher
1847,2.7497162211161887,71,higher
1848,2.7060690624995587,72,higher
1849,2.696410045499681,79,higher
1850,2.690235285819288,90,higher
1851,2.725681867366249,71,higher
1852,2.7165422575197007,69,higher
1853,2.7111921389400795,69,higher
1854,2.720773531314601,79,higher
1855,2.7070125959616362,68,higher
1856,2.7194397159182304,388,higher
1857,2.7161152308789958,85,higher
1858,2.7180169593703427,73,higher
1859,2.697217287145232,63,higher
1860,2.727919195622421,76,higher
1861,2.681246286109316,71,higher
1862,2.7345649276091692,71,higher
1863,2.712848184369644,73,higher
1864,2.717676100967792,81,higher
1865,2.7356943796480135,85,higher
1866,2.7145731849494927,73,higher
1867,2.7170912916402896,74,higher
1868,2.7233954809642094,72,higher
1869,2.7020148903356924,70,higher
1870,2.7220756999609614,73,higher
1871,2.7217169214209234,74,higher
1872,2.732901207040011,103,higher
1873,2.714797716971629,74,higher
1874,2.7162183055040194,72,higher
1875,2.725214938606627,72,higher
1876,2.7478514115307715,81,higher
1877,2.7092089294029904,72,higher
1878,2.7435691792929244,72,higher
1879,2.741952727259745,76,higher
1880,2.7074705379614983,108,higher
1881,2.7382288527946788,67,higher
1882,2.735749757773342,78,higher
1883,2.725302847313717,79,higher
1884,2.71271730914588,103,higher
1885,2.760008319663922,78,higher
1886,2.7084195714962314,67,higher
1887,2.7020268429385252,71,higher
1888,2.683652535062002,71,higher
1889,2.6890975248281554,89,higher
1890,2.701081325645444,82,higher
1891,2.7363964706794808,73,higher
1892,2.717137982407133,72,higher
1893,2.724509630706532,74,higher
1894,2.6885181680877817,69,higher
1895,2.6849615233273965,81,higher
1896,2.708610656738329,77,higher
1897,2.7079385385776362,75,higher
1898,2.703487536131646,71,higher
1899,2.7182717855375578,69,higher
1900,2.7185248625579153,69,higher
1901,2.728524987652333,77,higher
1902,2.7318228172469765,106,higher
1903,2.761484502277026,76,higher
1904,2.7123180915645944,104,higher
1905,2.6971478627528223,70,higher
1906,2.6961594964689684,78,higher
1907,2.7546222337782478,75,higher
1908,2.7090254684724724,81,higher
1909,2.7029531421614568,72,higher
1910,2.733840670362388,68,higher
1911,2.754057523392499,73,higher
1912,2.73362238423214,76,higher
1913,2.7273853629934046,71,higher
1914,2.7612422165938306,71,higher
1915,2.745529315451707,70,higher
1916,2.7234558977417556,71,higher
1917,2.7295985330187214,399,higher
1918,2.721185366865115,72,higher
1919,2.7014084096845785,94,higher
1920,2.7273412644372366,79,higher
1921,2.7323549802185902,69,higher
1922,2.721142327524356,68,higher
1923,2.736706694689888,73,higher
1924,2.7104759481261076,66,higher
1925,2.723939571866982,91,higher
1926,2.7137847838486624,88,higher
1927,2.7579503339463587,80,higher
1928,2.738240974450617,79,higher
1929,2.7007799936738186,73,higher
1930,2.7073657986192012,76,higher
1931,2.74327224299785,81,higher
1932,2.7230979625099727,72,higher
1933,2.713388276852973,71,higher
1934,2.731453500940606,76,higher
1935,2.712983033140705,75,higher
1936,2.7038409288255507,73,higher
1937,2.748291067215788,74,higher
1938,2.7620414806007463,109,higher
1939,2.7388691179943496,73,higher
1940,2.7100021880097067,69,higher
1941,2.7546156825818287,77,higher
1942,2.722123574098139,75,higher
1943,2.729308007503496,67,higher
1944,2.7118883726683713,73,higher
1945,2.7354899975719262,74,higher
1946,2.757227947150745,69,higher
1947,2.7213610644437707,72,higher
1948,2.7375469244092416,78,higher
1949,2.7448911307403625,79,higher
1950,2.735381696962198,67,higher
1951,2.750340661908374,72,higher
1952,2.7337704777792196,79,higher
1953,2.7095930552607017,73,higher
1954,2.726243217471287,79,higher
1955,2.759248093176664,81,higher
1956,2.72214462297831,70,higher
1957,2.7130655547322213,66,higher
1958,2.7168757012706446,76,higher
1959,2.7311764342164757,84,higher
1960,2.6960633826781963,75,higher
1961,2.752655781922661,68,higher
1962,2.698973235376422,87,higher
1963,2.736444244623098,71,higher
1964,2.710031503340206,115,higher
1965,2.716189306757952,79,higher
1966,2.718723190022127,73,higher
1967,2.7309605674383994,390,higher
1968,2.7477257947843943,86,higher
1969,2.7198537436984163,74,higher
1970,2.7310150386838603,76,higher
1971,2.729061417843146,77,higher
1972,2.7362432851712453,108,higher
1973,2.739261218770119,105,higher
1974,2.6733044169834677,73,higher
1975,2.695044978200275,77,higher
1976,2.706609710104438,75,higher
1977,2.7212231762830985,71,higher
1978,2.7270982672448136,68,higher
1979,2.7263052849192526,72,higher
1980,2.7184118657322522,71,higher
1981,2.7569214024111948,74,higher
1982,2.720150187694047,72,higher
1983,2.7322390067137965,121,higher
1984,2.7260916712606282,71,higher
1985,2.750501908052984,74,higher
1986,2.7403450917649703,74,higher
1987,2.6998305053015352,76,higher
1988,2.7168974855832553,68,higher
1989,2.717767433995504,73,higher
1990,2.743197735616282,74,higher
1991,2.679316064798793,78,higher
1992,2.728554031730261,70,higher
1993,2.7312799838995523,79,higher
1994,2.741075379646808,82,higher
1995,2.7179355157452574,75,higher
1996,2.731379338522195,389,higher
1997,2.699689585968842,73,higher
1998,2.7344791531061796,77,higher
1999,2.6984230739218447,432,higher
