,cid,Scope after removal
0,C03248,4314
1,C05684,4311
2,C20485,4314
3,C01444,4314
4,Z00026,4286
5,C01353,4311
6,C02218,4314
7,C00049,417
8,C01563,4314
9,C00898,4314
10,Z00043,4314
11,C19813,4314
12,C05167,4314
13,C06244,4314
14,C04115,4314
15,C02107,4314
16,C00074,138
17,C00013,427
18,C00158,4303
19,C00940,4258
20,C00490,4313
21,C02614,4314
22,C03961,4314
23,C05379,4314
24,C00084,4244
25,C01990,4314
26,C06033,4314
27,C06029,4314
28,C02362,4314
29,C01883,4314
30,C03981,4314
31,Z00039,4312
32,C02341,4312
33,C05946,4314
34,C01417,4314
35,C01384,4314
36,C03600,4314
37,Z00042,4313
38,C00375,4314
39,C00037,387
40,C00099,1888
41,C00552,4313
42,C02798,4285
43,C00227,4314
44,C01596,4313
45,C04324,4314
46,C05364,4314
47,C00186,4314
48,C00631,140
49,C02512,4313
50,C21632,4314
51,C04434,4314
52,C01042,4312
53,C00222,4308
54,C02612,4314
55,C00152,3114
56,C05840,4314
57,C00497,4313
58,C06035,4314
59,C03548,4314
60,C20253,4314
61,C07272,4314
62,C19779,4314
63,C00197,143
64,C03722,547
65,C01159,4314
66,C00258,4311
67,C00804,4312
68,C05669,4313
69,C05670,4313
70,C18232,4314
71,C00256,4312
72,C19838,4314
73,C01073,4314
74,C02226,4313
75,C06032,4314
76,C06031,4314
77,C01182,4313
78,C00354,174
79,C00118,300
80,C01151,4314
81,C00199,1345
82,C00085,4312
83,C00111,272
84,C06019,4314
85,C00673,4313
86,C00117,304
87,C00231,4312
88,C00184,4314
89,C15556,1347
90,C20954,4305
91,C00546,4311
92,C21610,4314
93,C00092,4251
94,C00352,4314
95,C03785,4314
96,C00119,542
97,C05378,4314
98,C00275,4312
99,C01112,4314
100,C01097,4310
101,C21611,4312
102,C06893,4312
103,C22280,4314
104,C20440,4314
105,C01286,4314
106,C04442,4314
107,C00672,4303
108,C22318,4314
109,C06156,4314
110,C20986,4314
111,C00663,4311
112,C00031,4280
113,C00018,308
114,C01101,4314
115,C05345,4302
116,C04478,4314
117,C00067,1541
118,C00620,4313
119,C00357,4314
120,C06377,4313
121,C01113,4312
122,C00636,4310
123,C00103,4302
124,C21383,4313
125,C01185,548
126,C03090,436
127,C16848,4312
128,C01172,4313
129,C01187,4312
130,C03291,4314
131,C20236,4313
132,C01518,4314
133,C02591,4314
134,C15548,4314
135,C01083,4311
136,C00963,4314
137,C22029,4314
138,C02048,4314
139,C03838,437
140,C05841,4314
141,C02306,4314
142,C18096,4312
143,C00267,4314
144,C20934,4314
145,C16698,4314
146,C01231,4314
147,C00250,4308
148,C00208,4310
149,C00095,4310
150,C03394,4304
151,C00185,4306
152,C04534,4314
153,C03847,4314
154,C00455,4314
155,C00689,4314
156,C04501,4314
157,C00668,4314
158,Z00035,319
159,C06376,4314
160,C02995,4314
161,C04257,4314
162,C19792,4312
163,C22278,4314
164,C06468,4314
165,C00236,4314
166,C02713,4313
167,C00159,4310
168,C16688,4314
169,C00065,3066
170,C00534,4314
171,C04376,438
172,C00151,4310
173,C06219,4310
174,C20904,4314
175,C00188,3112
176,C11511,4314
177,C20861,4314
178,C00153,1798
179,C03150,4313
180,C00121,4298
181,C01094,4314
182,C00402,4313
183,C00793,4314
184,C01935,4312
185,C00097,1853
186,C00645,4314
187,C02964,4314
188,C21285,4311
189,C00369,4313
190,C12317,4314
191,C00253,4259
192,C00041,3020
193,C19791,4313
194,C06241,4314
195,C00025,410
196,C00273,4313
197,C02962,4313
198,C01898,4314
199,C00216,4311
200,C00089,4306
201,C00252,4309
202,C00820,4314
203,C06393,4314
204,C03604,4312
205,C05519,4314
206,C00221,4311
207,C14899,4313
208,C06400,4314
209,C01728,4314
210,C00217,4309
211,C11529,4314
212,C05723,4314
213,C00139,4182
214,C21068,4306
215,C01742,4314
216,C05947,4313
217,C02013,4311
218,C00577,4314
219,C00168,4314
220,C00140,4302
221,C02209,4314
222,C00302,4314
223,C00270,4303
224,C00973,4314
225,C05711,4314
226,C01419,4313
227,C00133,4294
228,C12270,4314
229,C00979,4310
230,C21659,4314
231,C02999,4314
232,C00740,4312
233,C00309,4314
234,C00957,4313
235,C05396,4314
236,C00064,436
237,C01005,4302
238,C16186,4314
239,C02336,4314
240,C22150,4293
241,C11544,4314
242,C00405,4312
243,C00721,4314
244,C22151,4293
245,C00647,4314
246,C06114,4314
247,C03079,4314
248,C22154,4299
249,C21655,4314
250,C00372,4312
251,C03661,4314
252,C05672,4314
253,C00109,3094
254,C00138,4181
255,C21336,4314
256,C02478,4314
257,C05931,4314
258,C05688,4311
259,C00334,4313
260,C00279,4313
261,C02671,4312
262,C03708,4314
263,C03232,4314
264,C02291,4314
265,C05699,4313
266,C00237,1774
267,Z00004,3106
268,C22097,4314
269,C04540,4313
270,C01146,4314
271,C00447,4314
272,C11516,4314
273,C00819,4313
274,C05226,4314
275,C05382,4295
276,C00232,4314
277,C02356,4312
278,C20776,4314
279,C22230,4314
280,C05705,4314
281,Z00044,4314
282,C20905,4314
283,C00155,4313
284,C00204,4313
285,C20887,4314
286,C03738,4314
287,C05704,4314
288,C02532,4314
289,C02946,4314
290,C02237,4314
291,C06218,4312
292,C01674,4312
293,C00051,4290
294,C00266,4312
295,C00975,4314
296,C04691,4314
297,C05715,4314
298,C00329,4311
299,C00993,4304
300,C21559,4303
301,C06030,4314
302,C04640,439
303,C15767,4314
304,Z00016,4288
305,C01216,4314
306,C01234,4314
307,C21858,4314
308,C06217,4313
309,C00257,4313
310,C07836,4310
311,C17234,4314
312,C03826,4313
313,C03459,4314
314,C01118,4314
315,C03740,4314
316,C03618,4314
317,C21282,4314
318,C16690,4314
319,C01031,4314
320,Z00023,4299
321,C21747,4314
322,C01077,4314
323,C19878,4311
324,C00944,2748
325,C03451,4314
326,C21281,4314
327,C20845,4314
328,C22320,4314
329,C00441,4310
330,C22337,4314
331,C03921,4314
332,C14180,4314
333,C06441,4314
334,C03752,4313
335,C06201,4314
336,C05698,4311
337,C00542,4314
338,C00684,4314
339,C00679,4314
340,C01239,4314
341,C19882,4314
342,C03933,4314
343,C05702,4314
344,C03373,440
345,C05601,4314
346,C01879,4313
347,C20888,4314
348,C05707,4314
349,C03063,4314
350,C20844,4314
351,C06216,4314
352,C00669,4311
353,C00198,4313
354,C00433,4313
355,C03283,4310
356,C05600,4314
357,C16850,4313
358,C16849,4313
359,C20644,4314
360,C20258,4314
361,C04751,441
362,C05383,4314
363,C12115,4314
364,C04823,443
365,C00986,4310
366,C04052,4314
367,C19929,4314
368,C05941,4314
369,C04282,3193
370,C15667,4314
371,C05942,3194
372,C04677,444
373,C06231,4313
374,C04186,4314
375,C19907,3195
376,C06442,4314
377,C04051,4314
378,C04734,446
379,C00130,447
380,Z00056,3196
381,C00104,4314
382,C00294,4312
383,C00081,4314
384,C00262,4314
385,C05512,4314
386,C00212,4308
387,C00147,4307
388,C00021,3107
389,C05692,4314
390,C00559,4314
391,C00020,464
392,C01367,4313
393,C00857,4312
394,C00301,4312
395,C22092,4314
396,C00360,4314
397,C00002,512
398,C03539,4314
399,C00054,4300
400,C03794,4314
401,C00008,1147
402,C03431,4314
403,C02353,4314
404,C19719,4314
405,C00618,4314
406,C21785,4311
407,C01487,4314
408,C02076,4313
409,C13050,4314
410,C00192,4311
411,C02739,4311
412,C21069,4307
413,C20565,4314
414,C02022,4313
415,C02045,4314
416,C12147,4314
417,C21851,4313
418,C21027,4314
419,C22220,4311
420,C05172,4314
421,C19694,4314
422,C03064,4313
423,C22361,4314
424,C03082,4314
425,C03287,4314
426,C00312,4313
427,C11472,4311
428,C22350,4313
429,C11838,4314
430,C00169,2705
431,C00665,4313
432,C22363,4314
433,C04058,4313
434,C01260,4314
435,C21015,4313
436,C02405,4314
437,C21612,4313
438,C00310,4313
439,C20190,4313
440,C05380,4314
441,Z00032,2493
442,C16116,4314
443,C00575,4313
444,C00206,4314
445,C22030,4314
446,C00795,4311
447,C22131,4314
448,C00508,4314
449,C20775,4314
450,C00003,606
451,C19879,4312
452,C04544,4314
453,C20969,4314
454,C22366,4314
455,C00498,4313
456,C00345,4314
457,C01801,4314
458,C20237,4314
459,C06892,4313
460,C21617,4314
461,C03401,4304
462,C00652,4312
463,C11822,4314
464,C00794,4313
465,C20784,1802
466,C01508,4314
467,C05406,4314
468,C07024,4313
469,C00131,4314
470,C02637,2750
471,C21877,4314
472,C07838,4312
473,C20198,4314
474,C03267,4314
475,C17209,4267
476,C01236,4314
477,C06735,4314
478,C06222,4314
479,C03483,4314
480,C02741,4312
481,C03508,4314
482,C00943,4314
483,C22351,4314
484,C00259,4311
485,C00006,1296
486,C20959,4314
487,C00971,4314
488,C00764,4313
489,C20668,4306
490,C15498,4313
491,C21016,4314
492,C03393,4313
493,C00162,4307
494,C19880,4313
495,C01218,4314
496,C01062,4314
497,C03124,4314
498,C00476,4314
499,C04006,4305
500,C00004,2599
501,C04349,4313
502,C00132,1544
503,C00802,4314
504,C00655,4314
505,C04593,4314
506,C00094,4278
507,C16737,4314
508,C00438,3833
509,C04575,4312
510,C00491,4313
511,C00181,4311
512,C04122,4314
513,C21618,4314
514,C01818,4314
515,C03589,4314
516,C00060,4294
517,C02266,4314
518,C05984,4314
519,C05985,4313
520,C01620,4314
521,C00538,4314
522,C00379,4313
523,C03210,4314
524,C01762,4300
525,C05665,4314
526,C17580,4268
527,C05932,4314
528,C17530,4314
529,C20247,1803
530,C21593,4314
531,C00144,1277
532,C00424,4305
533,C03703,4314
534,C00296,4310
535,C04642,4314
536,C06380,4314
537,C00469,4311
538,C15565,4314
539,C03790,4314
540,C00847,4310
541,C02761,4314
542,C00137,4306
543,C06397,4313
544,C04856,4313
545,C07025,4314
546,C03972,4314
547,C06473,4314
548,C21113,4314
549,C00093,4304
550,C01888,4314
551,C04896,4313
552,C00989,4314
553,C01432,4314
554,C18345,4314
555,C04471,4314
556,C05411,4314
557,C12213,4307
558,C00116,4305
559,C00230,4299
560,C00241,4313
561,C00337,3835
562,C03912,4309
563,C01697,4313
564,C02715,4314
565,C21524,4314
566,C01904,4314
567,C20742,4314
568,C11536,4314
569,C03716,4314
570,C03453,4314
571,C02780,4314
572,C05823,4314
573,C01068,4313
574,C01087,4313
575,C02231,4314
576,C00555,4314
577,C16884,4314
578,C05422,4314
579,C01096,4313
580,C00878,4314
581,C20961,4310
582,C20960,4314
583,C02630,4314
584,C02489,4314
585,C05938,4314
586,C00770,4314
587,C04225,4314
588,C00226,4314
589,C00247,4312
590,C06379,4314
591,C00474,4313
592,C01380,4313
593,C00937,4312
594,C04281,4314
595,C06311,4314
596,C02207,4314
597,C03906,4314
598,C02119,4314
599,C00644,4314
600,C04063,4314
601,C01685,4314
602,C00263,4313
603,C00385,4307
604,C03361,4314
605,C15700,4314
606,C01114,4313
607,C19674,4314
608,C21585,4313
609,C05936,4314
610,C02133,4314
611,C01489,4314
612,C03107,4314
613,C05999,4314
614,C00596,4314
615,C02589,4314
616,C00623,4307
617,C05235,4304
618,C03620,4314
619,C05412,4314
620,C00493,2851
621,C02753,4314
622,C04053,4314
623,C22219,4312
624,C22072,4311
625,C21787,4314
626,C00392,4314
627,C00127,4311
628,C01962,4314
629,C06054,4314
630,C01013,4314
631,C13051,4314
632,C00506,4314
633,C20680,4312
634,C00726,4312
635,C01165,4314
636,C00532,4314
637,C00603,4312
638,C00800,4314
639,C02716,4314
640,C00005,1296
641,C05696,4314
642,C00086,4298
643,C01885,4314
644,C00905,4312
645,C11546,4314
646,C02912,4314
647,C00224,4313
648,C05515,4312
649,C00134,4298
650,C02112,4314
651,C20246,4314
652,C10517,4314
653,C18174,4314
654,C03194,4314
655,C15668,4314
656,C00314,4306
657,C00245,4311
658,C03658,4314
659,C02888,4314
660,C00691,4301
661,C05686,4314
662,C00124,4306
663,C02895,4314
664,C21250,4314
665,C02658,4313
666,C02501,4314
667,C00191,4306
668,C00502,4314
669,C00545,4314
670,C00320,4310
671,C01817,4314
672,C21523,4314
673,C11537,4313
674,C01099,4314
675,C01243,4314
676,C01424,4308
677,C15673,4314
678,C00072,4304
679,C12214,4309
680,C04916,4314
681,C06440,4314
682,C00035,4294
683,C00681,4303
684,C02320,4314
685,C00242,4314
686,C00096,4300
687,C12212,4314
688,C06159,4314
689,C01326,4309
690,C02244,4314
691,C21649,4314
692,C15585,4314
693,C22218,4313
694,C01040,4314
695,C00666,4314
696,C06060,4314
697,C03223,4313
698,C04899,4313
699,C00422,4313
700,C00583,4314
701,C03189,4314
702,C00387,4312
703,C10906,4314
704,C00942,4314
705,C05528,4303
706,C20966,4311
707,C02426,4314
708,C06055,4312
709,C02225,4314
710,C00849,4314
711,C03979,4314
712,C01507,4314
713,C06548,4313
714,C01157,4312
715,C06398,4314
716,C03233,4313
717,C00148,3112
718,C17581,4269
719,C03120,4314
720,C01177,4313
721,C04484,4314
722,C20903,4313
723,C03546,4314
724,C01102,4314
725,C03175,2853
726,C00077,4283
727,C22073,4312
728,C02979,4314
729,C01131,4307
730,C20482,4314
731,C03415,4313
732,C01041,4304
733,C02917,4314
734,C01566,4314
735,C00515,4312
736,C05401,4313
737,C06370,4314
738,C18048,4314
739,C04299,4314
740,C06891,4314
741,C00984,4314
742,C22074,4313
743,C03033,4314
744,C00976,4314
745,C00558,4313
746,C04421,4314
747,C01401,4314
748,C00641,4299
749,C01220,4314
750,C00243,4311
751,C05399,4314
752,C16069,4314
753,C03375,4312
754,C15699,4314
755,C00087,4314
756,C06153,4314
757,C18050,4313
758,C11638,4314
759,C03851,4314
760,C01877,4314
761,C11499,4305
762,C01235,4314
763,C00682,4314
764,C03372,4304
765,C19793,4314
766,C00044,1300
767,C05697,4314
768,C02280,4314
769,C00394,4314
770,C00053,4300
771,C01228,4314
772,C00327,3061
773,C05824,4314
774,C18314,4314
775,C00488,4314
776,C00763,4314
777,C01214,4306
778,C20483,4314
779,C01272,4314
780,C00492,4312
781,C00499,4313
782,C07335,4314
783,C20251,4313
784,C04390,4314
785,C20902,4314
786,C00436,4314
787,C05375,4314
788,C05359,4306
789,C00330,4314
790,C00514,4313
791,C03383,4314
792,C06056,4312
793,C01269,2854
794,C00818,4312
795,C01721,4314
796,C05402,4314
797,C00861,4308
798,C02714,4314
799,C03440,4314
800,C20781,4314
801,C04783,4314
802,C21643,4314
803,C03564,4313
804,C05718,4314
805,C18172,4314
806,C01616,4314
807,C00593,4301
808,C04287,4314
809,C00627,4314
810,C21040,4314
811,C04210,4314
812,C20890,4314
813,C19781,4314
814,C03387,4314
815,C19675,4314
816,C05616,4313
817,C06193,4313
818,C00437,4314
819,C04062,4314
820,C06257,4314
821,C00446,4311
822,C01222,4308
823,C06366,4314
824,C15925,4314
825,C05516,4313
826,C05400,4314
827,C05714,4314
828,C02627,4270
829,C04477,4314
830,C00680,4307
831,C02669,4314
832,C02670,4314
833,C05385,4314
834,C04322,4314
835,C03974,4314
836,C00165,4314
837,C00059,4306
838,C20656,4314
839,C02084,4314
840,C06194,4314
841,C15930,4314
842,C02703,4314
843,C00416,4314
844,C01283,4307
845,C05922,4311
846,C20985,4312
847,C06057,4314
848,C17205,4314
849,C01110,4313
850,C14179,4314
851,C02827,4314
852,C22075,4314
853,C02024,4314
854,C00817,4314
855,C01613,4314
856,C01245,4314
857,C03871,4314
858,C05710,4314
859,C04480,4314
860,C01250,4314
861,C06372,4313
862,C02000,4314
863,C01019,4311
864,C03827,4314
865,C01277,4314
866,C04895,4272
867,C00880,4314
868,C01261,4314
869,C04462,4314
870,C00344,4309
871,C18068,4314
872,C22297,4305
873,C03576,4305
874,C02977,4314
875,C15532,4314
876,C22101,4313
877,C05239,4314
878,C05404,4314
879,C05123,4314
880,C08242,4314
881,C05147,4314
882,C05526,4314
883,C01075,4312
884,C01194,4307
885,C15926,4314
886,C03989,4314
887,C00333,4308
888,C19706,4314
889,C03692,4309
890,C19891,4314
891,C04494,4314
892,C19881,4314
893,C03406,3063
894,C00507,4309
895,C02091,4314
896,C22298,4313
897,C21181,4306
898,C21644,4314
899,C00315,4297
900,C00047,3094
901,C00362,4314
902,C00325,4309
903,C05539,4313
904,C15563,4314
905,C01582,4314
906,C03117,4314
907,C20612,4313
908,C14830,4314
909,C02704,4314
910,C01304,1343
911,C20640,4314
912,C20638,4313
913,C01284,4305
914,C16463,4314
915,C00624,4314
916,C20889,4313
917,C00062,3064
918,C01825,4314
919,C04133,4314
920,C06371,4314
921,C01602,4314
922,C03920,4314
923,C04076,4314
924,C16489,4312
925,C20239,4311
926,C06037,4313
927,C21094,4314
928,C02427,4314
929,C21180,4314
930,C01029,4314
931,C20885,4313
932,C20354,4314
933,C05730,4312
934,C02985,4314
935,C00361,4314
936,C04020,4314
937,C21615,4314
938,C02727,4314
939,C00450,4314
940,C03819,4314
941,C00536,4230
942,C19758,4314
943,C01268,1345
944,C06430,4314
945,C02273,4314
946,C11557,4314
947,C11554,4314
948,C05341,4314
949,C04637,4314
950,C04315,4313
951,C02991,4313
952,C04549,4313
953,C18028,4313
954,C15853,4314
955,C02837,4313
956,C22102,4314
957,C00739,4311
958,C21730,4314
959,C21606,4311
960,C20613,4314
961,C06038,4314
962,C01672,4300
963,C11555,4314
964,C00449,4314
965,C01300,4101
966,C04046,4310
967,C05923,4312
968,C03789,4313
969,C20991,4314
970,C18910,4314
971,C04092,4314
972,C21752,4314
973,C20830,4308
974,C04874,4310
975,C20911,4314
976,C04520,4314
977,C03684,4279
978,C00408,4313
979,C02475,4314
980,C01204,4307
981,C00879,4312
982,C02431,4314
983,C06195,4314
984,C04037,4314
985,C05925,4313
986,C21955,4314
987,Z00008,4314
988,C02444,4314
989,C01115,4314
990,C00956,4301
991,C01294,4308
992,C21099,4314
993,C06148,4313
994,C05328,4314
995,C18158,4310
996,C01924,4314
997,C03239,4314
998,C21614,4314
999,C22004,4314
1000,C11556,4314
1001,C00286,4314
1002,C01201,4314
1003,C01959,4313
1004,C00272,4291
1005,C21640,4314
1006,C05340,4313
1007,C00404,4314
1008,C04579,4314
1009,C00218,4309
1010,C05926,4314
1011,C04807,4304
1012,C11526,4314
1013,C04137,4314
1014,C01035,4314
1015,C19809,4314
1016,C21008,4313
1017,C06181,4310
1018,C20831,4312
1019,C11174,4314
1020,C20896,4314
1021,C04244,4314
1022,C15991,4314
1023,C05933,4310
1024,C12455,4314
1025,C15990,4314
1026,C00792,4314
1027,C02587,4314
1028,C01720,4314
1029,C05548,4314
1030,C00409,4313
1031,C00179,4310
1032,C04454,1346
1033,C05945,4314
1034,C00581,4308
1035,C21607,4314
1036,C01934,4314
1037,C03771,4313
1038,C01682,4314
1039,C04674,4314
1040,C16488,4313
1041,C05981,4314
1042,C04563,4314
1043,C02718,4314
1044,C20829,4312
1045,C20264,4314
1046,C02090,4313
1047,C21091,4314
1048,C10783,4314
1049,C04280,4309
1050,C08371,4314
1051,C20690,4314
1052,C06180,4314
1053,C03170,4314
1054,C00431,4314
1055,C02385,4314
1056,C00543,4312
1057,C02647,4314
1058,C00073,1731
1059,C21616,4314
1060,Z00045,4314
1061,C01046,4314
1062,C02721,4314
1063,C21007,4314
1064,C03087,4314
1065,C00322,4300
1066,C13508,4314
1067,C03153,4314
1068,C21064,4313
1069,C20798,4313
1070,C03166,4314
1071,C02953,4314
1072,C04732,1347
1073,C00835,4312
1074,C07044,4311
1075,C00268,4314
1076,C01746,4314
1077,C06313,4314
1078,C03078,4314
1079,C10772,4311
1080,C03623,4314
1081,C03149,4314
1082,C03273,4312
1083,C03354,4314
1084,C03145,4314
1085,C00019,1594
1086,C04673,4310
1087,C03134,4314
1088,C21182,4314
1089,C20797,4314
1090,C00565,4312
1091,C00855,4314
1092,C05662,4314
1093,C02333,4314
1094,C03172,4314
1095,C05533,4314
1096,C03626,4314
1097,C02360,4314
1098,C20639,4312
1099,C20263,4314
1100,C01180,4295
1101,C02621,4313
1102,C15522,4313
1103,C04332,1348
1104,C00990,4314
1105,C07130,4314
1106,C16352,4301
1107,C18168,4313
1108,C04002,4314
1109,C02918,4312
1110,C00300,4310
1111,C01004,4314
1112,C01298,4311
1113,C02926,4314
1114,C01137,4302
1115,C20234,4314
1116,C01251,4313
1117,C11514,4314
1118,C00114,4309
1119,C01026,4314
1120,C06352,4314
1121,C05689,4313
1122,C02723,4305
1123,C00580,4309
1124,C05995,4314
1125,C21310,4285
1126,C04556,1775
1127,C00255,1350
1128,C11515,4314
1129,C02804,4313
1130,C20651,4313
1131,C21764,4311
1132,C05198,1741
1133,C06149,4314
1134,C03660,4314
1135,C05703,4306
1136,Z00041,4305
1137,C00170,4282
1138,C03659,4314
1139,C03395,4314
1140,C05324,4309
1141,C00719,4314
1142,C00489,4312
1143,C00213,4314
1144,C01008,4314
1145,C04188,4314
1146,C00061,1355
1147,C21009,4314
1148,C20560,4314
1149,C21102,4314
1150,C00576,4314
1151,C05574,4314
1152,C00588,4311
1153,C00919,4314
1154,C01279,4313
1155,C00791,4312
1156,C18239,4286
1157,C11351,4312
1158,C02535,4313
1159,C04752,1804
1160,C00157,4311
1161,C05335,4310
1162,C16565,4312
1163,C00697,4313
1164,C16353,4302
1165,C05361,4310
1166,C20277,4314
1167,C21010,4314
1168,C00135,3088
1169,Z00017,4311
1170,C21004,4313
1171,C01142,4313
1172,C19669,4314
1173,C19787,4314
1174,C18169,4314
1175,C22450,4312
1176,C00750,4312
1177,C22288,4314
1178,C08057,4314
1179,C01996,4314
1180,C18904,4314
1181,C01727,4314
1182,C01777,4314
1183,C03089,4314
1184,Z00040,4314
1185,C02305,4314
1186,C20248,4312
1187,C15486,4310
1188,C22451,4314
1189,C05690,4314
1190,C22238,4314
1191,C04230,4314
1192,C02565,4313
1193,C16566,4313
1194,C06419,4312
1195,C03298,4314
1196,C00884,4314
1197,Z00014,2527
1198,C05708,4314
1199,C03277,4312
1200,C16562,4313
1201,C21100,4314
1202,C13747,4312
1203,C04233,4313
1204,C01081,1805
1205,C01121,4313
1206,C15996,4313
1207,C20267,4314
1208,C01847,4273
1209,C10905,4314
1210,C05360,4314
1211,C15485,4311
1212,C01007,4314
1213,C00388,4310
1214,C05575,4309
1215,C18872,4314
1216,C07480,4313
1217,C01152,4314
1218,C05691,4314
1219,C04582,4309
1220,C01929,4314
1221,C00016,1838
1222,C00860,4312
1223,C13482,4314
1224,C00386,4314
1225,C01100,4313
1226,C16356,4314
1227,C04259,4314
1228,C16365,4314
1229,C22359,4314
1230,C05127,4312
1231,Z00013,1841
1232,C16563,4314
1233,Z00021,4258
1234,C01043,4314
1235,C01210,4313
1236,C07481,4309
1237,C16358,4313
1238,C01262,4314
1239,C16675,4314
1240,Z00048,4314
1241,C00378,4312
1242,C00068,1810
1243,C05568,4314
1244,C03114,4274
1245,C01352,4282
1246,C00295,3836
1247,C00251,2855
1248,C16567,4314
1249,C15650,4312
1250,C05130,4308
1251,C04327,4314
1252,C22360,4314
1253,C22279,4314
1254,C03817,4314
1255,C22025,4313
1256,C05125,4314
1257,C05381,4314
1258,C04778,4275
1259,C18054,4294
1260,C00805,4306
1261,C03646,4314
1262,C15651,4314
1263,C00346,4312
1264,C01103,3837
1265,C11355,4312
1266,C00156,4276
1267,C00177,4311
1268,C11437,4314
1269,C22024,4314
1270,C03028,4314
1271,C04294,4314
1272,C20772,4310
1273,C21026,4314
1274,C00885,3338
1275,C06050,4311
1276,C21017,4314
1277,Z00047,1815
1278,C20710,4314
1279,C19679,4314
1280,C02835,4309
1281,C21294,4312
1282,C00254,2994
1283,C01267,4314
1284,C00587,4313
1285,C15606,4314
1286,C00108,3060
1287,C00189,4310
1288,C20634,4314
1289,C05712,4311
1290,C06655,4307
1291,C11434,4314
1292,C03217,4314
1293,C02734,4314
1294,C13378,4314
1295,C05835,4314
1296,C16519,3339
1297,C03005,4311
1298,C00292,4309
1299,C00633,4312
1300,C06006,3107
1301,C20773,4311
1302,C05775,4314
1303,C06680,4314
1304,C03993,4314
1305,C00568,4094
1306,C04302,3069
1307,C14097,4314
1308,C21497,4314
1309,C22210,4313
1310,C00503,4313
1311,C01179,4299
1312,C19686,4312
1313,C01755,4312
1314,C21107,4314
1315,C00900,4313
1316,C22233,4314
1317,C12215,4310
1318,C00146,4311
1319,C12305,4314
1320,C04604,4312
1321,C00826,4314
1322,C00166,4302
1323,C03167,4289
1324,C04437,4313
1325,C00350,4306
1326,C19830,4298
1327,C06202,4312
1328,C06010,4314
1329,C18797,4314
1330,C00811,4303
1331,C20953,4308
1332,C00105,3838
1333,C03067,4314
1334,C01402,4314
1335,C05350,4314
1336,C00921,4115
1337,C01328,4313
1338,C05973,4314
1339,C14463,3108
1340,C20559,4304
1341,C06656,4308
1342,C03557,4308
1343,C03742,4313
1344,C20843,4314
1345,C16999,4314
1346,C02737,4311
1347,C03494,4314
1348,C01270,4313
1349,C21306,4313
1350,C03964,4314
1351,C20726,4314
1352,C00601,4312
1353,C00299,4312
1354,C05713,4314
1355,C01197,4311
1356,C01450,4313
1357,C02265,4313
1358,C21272,4314
1359,C05682,4314
1360,C00106,4303
1361,C20646,4313
1362,C00741,4314
1363,C07331,4313
1364,C00082,3069
1365,C05131,4314
1366,C12106,4311
1367,C21085,4309
1368,C04438,4314
1369,C03351,4314
1370,C06203,4313
1371,C16423,4314
1372,C17010,4313
1373,C01302,3070
1374,C03765,4306
1375,C06451,4298
1376,C00810,4313
1377,C00015,4107
1378,C05607,4314
1379,C02763,4314
1380,C01241,4313
1381,C06011,4314
1382,C04039,4314
1383,C00548,4314
1384,C16700,4308
1385,C06772,4313
1386,C03590,4305
1387,C04181,4314
1388,C05817,3340
1389,C19831,4299
1390,C01403,4314
1391,C00079,3107
1392,C04272,4314
1393,C00415,4116
1394,C21408,4301
1395,C01368,4313
1396,C02730,3341
1397,C04308,4314
1398,C17017,4314
1399,C22021,4314
1400,C00043,4225
1401,C21086,4310
1402,C00642,4311
1403,C05143,4314
1404,C21473,4314
1405,C02083,4314
1406,C04227,4314
1407,C00429,4312
1408,C21889,4312
1409,C20562,4305
1410,C00475,4311
1411,C00113,4309
1412,C01612,4314
1413,C01769,4314
1414,C00141,1891
1415,C06044,4313
1416,C00483,4297
1417,C05974,4314
1418,C09789,4314
1419,C03493,4314
1420,C21971,4303
1421,C02993,4314
1422,C00167,4291
1423,C00466,4313
1424,C12323,4307
1425,C06204,4314
1426,C07086,4306
1427,C20895,4314
1428,C20657,4314
1429,C00052,4285
1430,C03030,4314
1431,C20579,4314
1432,C06007,3109
1433,C15809,4302
1434,C05332,4313
1435,C01170,4310
1436,C05678,4314
1437,C12109,4312
1438,C00029,4201
1439,C20800,4313
1440,C01168,4313
1441,C03584,4314
1442,C01494,4308
1443,C00813,4314
1444,C06771,4314
1445,C01468,4307
1446,C01869,4314
1447,C03506,3071
1448,C03044,4314
1449,C10434,4314
1450,C00075,4313
1451,C20782,4314
1452,C21307,4314
1453,C00526,4313
1454,C05853,4314
1455,C02067,4314
1456,C01050,4297
1457,C00203,4309
1458,C16074,4305
1459,Z00022,4313
1460,C04641,4314
1461,C04089,4314
1462,C06240,4312
1463,C06036,4314
1464,C04359,4314
1465,C19823,4298
1466,C00380,4314
1467,C16155,4312
1468,C04703,4314
1469,C02642,4314
1470,C20926,4307
1471,C03003,4314
1472,C00190,4307
1473,C02505,4314
1474,C00504,4314
1475,C04639,4314
1476,C02330,4314
1477,C21087,4311
1478,C00183,3114
1479,C00063,4271
1480,C00078,3075
1481,C20849,4314
1482,C17582,4280
1483,C03142,4314
1484,C20245,4314
1485,C16827,4314
1486,C02442,4313
1487,C02666,4314
1488,C04613,4303
1489,C00463,4308
1490,C00055,4300
1491,C04631,4314
1492,C17018,4314
1493,C02355,4314
1494,C02199,4309
1495,C04415,4314
1496,C01288,4313
1497,C06746,4314
1498,C20910,4308
1499,C02564,4314
1500,C03046,4314
1501,C06364,4310
1502,C09099,4314
1503,Z00036,4312
1504,C16401,4314
1505,C01158,4313
1506,C17355,4308
1507,C21634,4309
1508,C04573,4309
1509,C05005,4314
1510,C17759,4312
1511,C19761,4307
1512,C06046,4314
1513,C00966,4314
1514,C19154,4304
1515,C05927,4306
1516,C01359,4313
1517,C15976,4314
1518,C00881,4314
1519,C05593,4314
1520,C00101,4119
1521,C03848,4314
1522,C01623,4312
1523,C22293,4314
1524,C00611,4313
1525,C03204,4314
1526,C05822,4313
1527,C00671,3110
1528,C11521,4314
1529,C20353,4313
1530,C00935,4312
1531,C12108,4313
1532,C01088,4314
1533,C00365,4202
1534,C00617,4314
1535,C03996,4314
1536,C12210,4303
1537,C06040,4311
1538,C03486,4314
1539,C01217,4307
1540,C13952,4313
1541,C04101,4314
1542,C00112,4311
1543,C00570,4313
1544,C22261,4314
1545,C22262,4314
1546,C20962,4314
1547,C17328,4314
1548,C11435,4314
1549,C20769,4312
1550,C19837,4314
1551,C01739,4314
1552,C00941,4314
1553,Z00046,4259
1554,C19961,4311
1555,C15978,4314
1556,C20563,4312
1557,C21070,4308
1558,C19784,4308
1559,C02983,4314
1560,C00234,4311
1561,C02787,4313
1562,C01743,4281
1563,C05673,4311
1564,C04248,4314
1565,C06041,4313
1566,C00331,4309
1567,C02223,4314
1568,C22216,4311
1569,C22299,4314
1570,C01346,4314
1571,C00977,4314
1572,C22162,4304
1573,C03737,4314
1574,C00269,4314
1575,C21283,4313
1576,C00501,4306
1577,C00664,4305
1578,C04847,4314
1579,C21892,4308
1580,C00143,4194
1581,C17352,4313
1582,C20395,4310
1583,C06365,4312
1584,C00440,4312
1585,C00789,4314
1586,C20860,4314
1587,C00509,4268
1588,C12211,4304
1589,C00513,4314
1590,C19794,4314
1591,C00522,1899
1592,C20940,4312
1593,C00445,4314
1594,C20906,4314
1595,C16153,4313
1596,C18060,4313
1597,C00239,4309
1598,C22277,4306
1599,C12107,4314
1600,C01212,4298
1601,C06016,4314
1602,C16701,4310
1603,C22145,4310
1604,C20768,4312
1605,C00307,4312
1606,C01053,4314
1607,C10945,4314
1608,C06199,4314
1609,C02354,4314
1610,C22033,4312
1611,C22276,4309
1612,C00590,4300
1613,C09332,4314
1614,C04630,4306
1615,C00407,3114
1616,C00398,4305
1617,C22142,4312
1618,C22143,4313
1619,C18802,4313
1620,C00862,4312
1621,C22006,4314
1622,C18911,4314
1623,C04377,4314
1624,C12206,4314
1625,Z00024,4314
1626,C20774,4313
1627,C02115,4314
1628,C20455,4314
1629,C05644,4314
1630,C06672,4313
1631,C00460,4314
1632,C20359,4311
1633,C16702,4311
1634,C22245,4314
1635,C22031,4313
1636,C12124,4314
1637,C09209,4314
1638,C17351,4314
1639,C03997,4312
1640,C01219,4307
1641,C09833,4314
1642,C01709,4312
1643,Z00011,4314
1644,C21289,4313
1645,C21621,4313
1646,C22259,4313
1647,C00439,4306
1648,C22164,4314
1649,C20898,4314
1650,C00761,4314
1651,C00705,4314
1652,C00637,4313
1653,C05334,4314
1654,C20941,4313
1655,C22053,4314
1656,C22247,4310
1657,C16492,4314
1658,C01823,4314
1659,C21092,4314
1660,C20897,4313
1661,C00692,4300
1662,C00927,4314
1663,C05366,4309
1664,C00864,4312
1665,C21257,4312
1666,C17701,4311
1667,C06561,4309
1668,C16154,4314
1669,C06213,4314
1670,C03495,4313
1671,C19153,4308
1672,C21260,4308
1673,C05675,4313
1674,C11436,4314
1675,C05928,4313
1676,C00364,4203
1677,C10833,4314
1678,C20963,4314
1679,C01132,4314
1680,C19702,4309
1681,C20614,4314
1682,C19720,4314
1683,C22032,4314
1684,C01045,4313
1685,C18338,4314
1686,C16406,4314
1687,C21265,4312
1688,C22144,4314
1689,C04187,4314
1690,C02937,4308
1691,C19155,4313
1692,C03492,1902
1693,C04877,4309
1694,C22248,4311
1695,C22270,4314
1696,C03680,4309
1697,C00755,4313
1698,C00955,4314
1699,C16422,4313
1700,C22260,4314
1701,C06042,4314
1702,C00458,4314
1703,C19152,4311
1704,C00954,4303
1705,C19703,4310
1706,C21288,4314
1707,C11038,4313
1708,C18002,4309
1709,C05929,4314
1710,C21633,4312
1711,C21255,4313
1712,C05892,4308
1713,C00363,4216
1714,C01941,4314
1715,C01460,4311
1716,Z00028,4314
1717,C05676,4314
1718,C04330,4314
1719,C16407,4314
1720,C20942,4314
1721,C00214,4303
1722,C04297,4308
1723,C20635,4314
1724,C00876,4312
1725,C16674,4314
1726,C22224,4314
1727,C03598,4313
1728,C00785,4314
1729,C04197,4311
1730,C00178,4304
1731,C12628,4313
1732,C04211,4314
1733,C21261,4310
1734,C00459,4217
1735,C02938,4314
1736,C21266,4313
1737,C04352,1903
1738,C11039,4314
1739,C16666,4314
1740,C01788,4313
1741,C19156,4314
1742,C20925,4314
1743,C04024,4314
1744,C05572,4314
1745,C09806,4314
1746,C02693,4314
1747,C03479,4314
1748,C04702,4309
1749,C22249,4312
1750,C04882,4311
1751,C08521,4313
1752,C17326,4313
1753,C04804,4314
1754,C06432,4314
1755,C01080,4314
1756,C05837,4314
1757,C00842,4220
1758,C02097,4313
1759,C21028,4313
1760,C03868,4312
1761,C19151,4314
1762,C12629,4314
1763,C08532,4314
1764,C04079,4314
1765,C22250,4313
1766,C02376,4314
1767,C01917,4314
1768,C21262,4311
1769,C03599,4314
1770,C05281,4314
1771,C01134,1908
1772,C17327,4314
1773,C06017,4309
1774,C04695,4314
1775,C00882,1925
1776,Z00038,4241
1777,C22251,4314
1778,C04611,4314
1779,C21029,4314
1780,C03034,4314
1781,C04488,4314
1782,Z00037,4314
1783,C11907,4227
1784,C00831,4312
1785,C02170,4314
1786,C00010,1929
1787,C04346,4312
1788,C07277,4313
1789,C05556,4302
1790,C04171,4314
1791,C04268,4287
1792,C19960,4311
1793,C01678,4313
1794,C01205,4314
1795,C21351,4310
1796,C22264,4314
1797,C03319,4308
1798,C00688,4314
1799,C11926,4301
1800,C11908,4304
1801,C11930,4314
1802,C06002,4312
1803,C19771,4312
1804,C06620,4281
1805,C20884,4314
1806,C11922,4310
1807,C07305,4314
1808,C00531,4313
1809,C03160,3342
1810,C00040,4296
1811,C18126,4314
1812,C00527,4277
1813,C18125,4313
1814,C11912,4304
1815,Z00051,4314
1816,C11928,4302
1817,C03442,4313
1818,C00313,4313
1819,C20394,4313
1820,C05338,4312
1821,C11062,4314
1822,C06001,4314
1823,C15489,4314
1824,C05668,4314
1825,C03284,4314
1826,C11918,4314
1827,C00196,4305
1828,C00630,4303
1829,C00582,4308
1830,C11925,4305
1831,C19947,4312
1832,C00100,4269
1833,Z00066,4314
1834,C00091,3154
1835,C01213,4314
1836,C00024,2395
1837,C06028,4314
1838,C20682,4314
1839,C21350,4314
1840,C00566,4314
1841,C02015,4314
1842,C12318,4308
1843,C00605,4314
1844,C00920,4314
1845,C02247,4301
1846,C19685,4314
1847,C05195,4313
1848,C04348,4314
1849,C11909,4289
1850,C00223,4252
1851,C03187,4314
1852,C15980,4313
1853,C21352,4311
1854,C11460,4313
1855,C02949,4314
1856,C00083,4030
1857,C12092,4312
1858,C00349,4312
1859,Z00071,4314
1860,C00798,4314
1861,C21030,4314
1862,C00323,4306
1863,C00406,4304
1864,C20447,4313
1865,C12319,4312
1866,C16583,4302
1867,C01122,4314
1868,C06355,4314
1869,C17741,4314
1870,C21403,4314
1871,C12324,4312
1872,C08650,4293
1873,C18035,4303
1874,C00479,4311
1875,C21913,4311
1876,C21452,4313
1877,C03237,4314
1878,C20156,4314
1879,C12093,4313
1880,C19971,4312
1881,C06986,4314
1882,C05989,4314
1883,C07303,4314
1884,C01188,4313
1885,C03135,4314
1886,C02927,4314
1887,C04015,4314
1888,C00827,4314
1889,C21914,4314
1890,C12208,4314
1891,C03657,3345
1892,C06625,4314
1893,C05223,4305
1894,C03156,4314
1895,C03344,4314
1896,C07565,4314
1897,C06027,4314
1898,C04016,4314
1899,C00683,4296
1900,C05608,4306
1901,C18323,4314
1902,C02183,4313
1903,C00090,4311
1904,C18326,4314
1905,C20856,4311
1906,C18069,4313
1907,C02232,4293
1908,C20747,4314
1909,C11927,4308
1910,C00430,3193
1911,C18799,4314
1912,C16405,4313
1913,C20653,4312
1914,C21604,4314
1915,C03724,4314
1916,C03460,4314
1917,C06717,4311
1918,C20225,4309
1919,C20803,4312
1920,C20672,4314
1921,C06715,4278
1922,C05821,4307
1923,C18032,4311
1924,C17210,4297
1925,C15525,4312
1926,C17366,4311
1927,C03582,4311
1928,C22205,4314
1929,C05620,4314
1930,C05135,4314
1931,C02411,4313
1932,C02572,4314
1933,C20357,4312
1934,C20746,4314
1935,C21073,4313
1936,C12366,4311
1937,C07447,4312
1938,C17740,4314
1939,C03537,4314
1940,C12203,4314
1941,C21353,4312
1942,C22087,4313
1943,C03345,4313
1944,C03147,4314
1945,C19725,4312
1946,C12481,4314
1947,C05595,4314
1948,C03341,4314
1949,C04033,4311
1950,C12088,4314
1951,C03519,4314
1952,C21169,4314
1953,C03296,4314
1954,C20462,4314
1955,C17263,4314
1956,C00894,4313
1957,C21608,4314
1958,C04148,4314
1959,C06018,4314
1960,C18325,4314
1961,C00264,4314
1962,C07351,4314
1963,C03058,4314
1964,C00163,4314
1965,C03002,4314
1966,C02130,4314
1967,C04017,4314
1968,C19948,4314
1969,C11933,4307
1970,C22252,4310
1971,C00512,4307
1972,C21175,4314
1973,C00332,4310
1974,C21651,4310
1975,C21873,4306
1976,C10497,4314
1977,C00852,4313
1978,C20677,4314
1979,C17743,4314
1980,C22257,4314
1981,C02504,4314
1982,C01011,4313
1983,C06000,4314
1984,C21137,4314
1985,C02717,4314
1986,C05598,4314
1987,C02331,4314
1988,C02876,4314
1989,C05996,4314
1990,C02947,4314
1991,C01857,4314
1992,C04209,4314
1993,C21613,4313
1994,C05596,4314
1995,C20415,4313
1996,C11910,4290
1997,C15547,4314
1998,C04767,4314
1999,C02997,4314
2000,C02557,4281
2001,C00658,4311
2002,C00877,4312
2003,C00904,4314
2004,C04498,4314
2005,C21609,4314
2006,C02488,4314
2007,C22237,4314
2008,C16579,4314
2009,C01502,4314
2010,C20154,4314
2011,C12367,4313
2012,C02631,4314
2013,C00846,4314
2014,C09756,4314
2015,C11920,4310
2016,C16622,4314
2017,C12320,4313
2018,C20654,4313
2019,C00511,4312
2020,C10453,4312
2021,C16268,4313
2022,C04170,4314
2023,C05758,4306
2024,C18026,4304
2025,C22180,4309
2026,C05619,4314
2027,C02214,4314
2028,C05116,4314
2029,C11989,4309
2030,C22253,4311
2031,C22039,3354
2032,C05117,4314
2033,C20968,4314
2034,C00164,4304
2035,C12204,4314
2036,C06714,4279
2037,C22258,4314
2038,C03712,4314
2039,C03561,4314
2040,C06719,4314
2041,C04512,4314
2042,C10443,4312
2043,C11911,4291
2044,C17941,4314
2045,C16408,4313
2046,C01144,4313
2047,C21453,4314
2048,C18070,4314
2049,C06718,4314
2050,C00931,3196
2051,C22091,4314
2052,C05901,4314
2053,C08578,4311
2054,C09762,4299
2055,C20424,4313
2056,C20581,4314
2057,C05979,4313
2058,C00411,4311
2059,C15685,4306
2060,C01086,4314
2061,C10447,4314
2062,C03652,4314
2063,C02948,4314
2064,C07118,4314
2065,C19750,4314
2066,C16597,4304
2067,C11961,4311
2068,C04047,4314
2069,C00774,4312
2070,C17367,4312
2071,C02335,4314
2072,C17212,4298
2073,C17264,4314
2074,C22185,4314
2075,C21071,4314
2076,C06762,4313
2077,C06322,4312
2078,C08511,4314
2079,C19745,4313
2080,C11953,4311
2081,C19972,4313
2082,C00180,4260
2083,C04405,4314
2084,C10722,4314
2085,C21354,4313
2086,C03141,4314
2087,C18033,4312
2088,C04411,4314
2089,C10287,4314
2090,C06182,4313
2091,C17742,4314
2092,C11915,4304
2093,C10469,4313
2094,C03741,4314
2095,C02646,4307
2096,C09820,4314
2097,C18235,4314
2098,C00640,4314
2099,C03943,4314
2100,C05631,4282
2101,C15531,4314
2102,C21074,4314
2103,C00356,2901
2104,C02137,4311
2105,C00815,4314
2106,C01586,4314
2107,C03062,4314
2108,C11502,4314
2109,C00136,4307
2110,C21645,4311
2111,C02800,4314
2112,C00779,4312
2113,C05231,4314
2114,C06356,4314
2115,C14145,4294
2116,C06749,4314
2117,C18034,4314
2118,C20645,4314
2119,C00207,4310
2120,C17265,4314
2121,C01989,4314
2122,C09614,4312
2123,C17211,4299
2124,C05067,4314
2125,C01604,4314
2126,C03231,4314
2127,C14144,4295
2128,C09825,4314
2129,C11497,4310
2130,C01984,4314
2131,C01744,4314
2132,C05907,4314
2133,C00418,2903
2134,C00233,3112
2135,C11916,4305
2136,C12205,4313
2137,C16588,4305
2138,C10208,4308
2139,C10478,4314
2140,C00355,4290
2141,C17749,4313
2142,C05855,4314
2143,C22254,4312
2144,C06723,4280
2145,C21657,4312
2146,C00261,4312
2147,C03526,4314
2148,C01998,4314
2149,C15684,4307
2150,C09809,4314
2151,C00482,4309
2152,C03656,4314
2153,C06337,4312
2154,C16272,4314
2155,C20465,4310
2156,C00922,4314
2157,C09821,4314
2158,C15524,4314
2159,C07114,4314
2160,C16267,4314
2161,C09819,4314
2162,C20418,4314
2163,C20955,4314
2164,C10454,4314
2165,C02253,4314
2166,C09815,4314
2167,C02222,4310
2168,C20082,4314
2169,C22188,4314
2170,C02527,4314
2171,C02866,4314
2172,C12321,4314
2173,C22181,4311
2174,C06761,4314
2175,C22038,4313
2176,C06183,4314
2177,C21355,4314
2178,C21170,4314
2179,C01983,4313
2180,C05610,4314
2181,C01024,3197
2182,C12000,4307
2183,C03586,4314
2184,C01412,4313
2185,C22246,4314
2186,C05269,4314
2187,C09814,4314
2188,C11354,4314
2189,C20240,4314
2190,C01659,4314
2191,C03761,4314
2192,C21395,4314
2193,C00246,4314
2194,C05757,4307
2195,C20327,4314
2196,C09810,4314
2197,C06144,4312
2198,C01173,4313
2199,C16273,4314
2200,C04022,4314
2201,C04236,4314
2202,C00423,4275
2203,C01089,4314
2204,C20224,4314
2205,C03197,4314
2206,C20238,4313
2207,C16930,4313
2208,C02295,4314
2209,C07479,4314
2210,C12838,4314
2211,C04105,4314
2212,C04431,4314
2213,C00933,4314
2214,C17750,4314
2215,C01372,4313
2216,C01624,4314
2217,C00772,4314
2218,C05268,4314
2219,C12001,4308
2220,C06142,4314
2221,C01186,4314
2222,C00858,4312
2223,C15974,4314
2224,C04164,4310
2225,C03676,4314
2226,C20464,4313
2227,C01051,3202
2228,C10216,4313
2229,C05766,4311
2230,C22187,4314
2231,C11498,4313
2232,C08276,4314
2233,C01063,4281
2234,C02939,4311
2235,C01175,4312
2236,C00556,4312
2237,C07301,4314
2238,C01850,4314
2239,C19945,4312
2240,C01845,4314
2241,C09818,4314
2242,C03290,4314
2243,C07113,4313
2244,C01107,4314
2245,C16598,4306
2246,C02325,4312
2247,C03758,4269
2248,C02919,4314
2249,C15567,4314
2250,C17214,4300
2251,C14610,4314
2252,C14143,4301
2253,C00123,3114
2254,C22255,4313
2255,C00540,4304
2256,C19682,4313
2257,C05756,4308
2258,C06603,4314
2259,C02659,4313
2260,C11496,4313
2261,C21450,4314
2262,C12621,4314
2263,C20847,4313
2264,C20870,4314
2265,C04045,4314
2266,C06145,4313
2267,C01408,4314
2268,C12125,4314
2269,C00561,4311
2270,C22182,4313
2271,C10509,4313
2272,C05768,4313
2273,C20582,4314
2274,C11507,4314
2275,C12231,4314
2276,C20848,4314
2277,C12537,4314
2278,C03069,4313
2279,C01594,4314
2280,C01533,4314
2281,C02469,4314
2282,C16190,4314
2283,C10428,4314
2284,C06360,4314
2285,C06160,4311
2286,C09813,4310
2287,C06358,4314
2288,C16191,4314
2289,C19946,4313
2290,C10452,4314
2291,C11348,4314
2292,C11506,4314
2293,C01745,4314
2294,C15513,4314
2295,C17215,4301
2296,C06146,4314
2297,C07478,4314
2298,C05587,4313
2299,C02710,4314
2300,C00903,4312
2301,C06357,4314
2302,C04275,4314
2303,C20345,4314
2304,C22186,4314
2305,C16600,4308
2306,C15527,4314
2307,C03263,4313
2308,C06104,4302
2309,C02887,4314
2310,C07350,4314
2311,C06359,4314
2312,C20964,4314
2313,C01092,4288
2314,C22256,4314
2315,C20673,4314
2316,C02480,4314
2317,C05767,4314
2318,C00844,4313
2319,C05271,4314
2320,C19683,4314
2321,C00017,3118
2322,C01143,4314
2323,C02656,4314
2324,C02463,4313
2325,C16404,4309
2326,C01037,4296
2327,C16589,4309
2328,C00562,4314
2329,C17216,4302
2330,C01079,4314
2331,C16471,4314
2332,C02582,4314
2333,C00229,4200
2334,C06760,4314
2335,C05778,4248
2336,C01140,4314
2337,C05769,4314
2338,C08325,4314
2339,C02315,4314
2340,C05358,4312
2341,C09812,4311
2342,C02745,4310
2343,C06102,4303
2344,C16222,4314
2345,C19975,4314
2346,C05772,4314
2347,C09827,4310
2348,C15814,4286
2349,Z00052,4311
2350,C02394,4313
2351,C04425,4314
2352,C06161,4312
2353,C22158,4294
2354,C15810,4285
2355,C05998,4314
2356,C05270,4304
2357,C02869,4310
2358,Z00061,4314
2359,C00343,4311
2360,C05357,4312
2361,C00129,2910
2362,C00342,4311
2363,Z00018,4314
2364,C19684,4314
2365,Z00019,3309
2366,C22157,4294
2367,C04253,4313
2368,C03688,4314
2369,C04570,4313
2370,C05176,4313
2371,C18337,4314
2372,C12299,4314
2373,C05755,4309
2374,C02989,4314
2375,C00969,4313
2376,C02378,4311
2377,C17744,4314
2378,C12441,4313
2379,C21510,4310
2380,C01455,4313
2381,C00235,2913
2382,Z00027,4314
2383,C01909,4298
2384,C21357,4314
2385,C17746,4314
2386,C18902,4314
2387,C20729,4314
2388,C12354,4312
2389,C06103,4314
2390,C15999,4314
2391,C19845,4308
2392,C20413,4308
2393,C09817,4314
2394,C03939,4314
2395,C18006,4311
2396,C12350,4314
2397,C12356,4314
2398,C01209,4286
2399,C12348,4312
2400,C12355,4312
2401,C21129,4314
2402,C16469,4314
2403,C15813,4314
2404,C22236,4314
2405,C05403,4313
2406,C06105,4309
2407,C00906,4314
2408,C17218,4303
2409,C06517,4292
2410,C08313,4314
2411,C15998,4314
2412,C00173,4302
2413,C20062,4314
2414,C21437,4314
2415,C21343,4313
2416,C03289,4314
2417,C05924,4287
2418,C03733,4314
2419,C00748,4314
2420,C05731,4314
2421,C06051,4310
2422,C01020,4312
2423,C11538,4254
2424,C18094,4314
2425,C16590,4310
2426,C21108,4314
2427,C21505,4308
2428,C09811,4312
2429,C11811,4313
2430,Z00003,4296
2431,C02191,3331
2432,C05629,4313
2433,C05267,4314
2434,C18330,4313
2435,C20512,4314
2436,C19760,4311
2437,C17219,4304
2438,C16416,4312
2439,Z00025,3302
2440,C03516,3332
2441,C16468,4314
2442,C22368,4314
2443,C05754,4312
2444,C21507,4312
2445,C00174,4314
2446,C21344,4314
2447,C17401,4255
2448,C21511,4311
2449,C01198,4314
2450,C18007,4312
2451,C22370,4314
2452,C00341,2966
2453,C19767,4314
2454,C18052,4314
2455,C11993,4310
2456,C12442,4314
2457,C11997,4310
2458,C05266,4314
2459,C02457,4314
2460,C19846,4309
2461,C05394,4314
2462,C18327,4313
2463,C22163,4314
2464,C22165,4307
2465,C00032,4290
2466,C02657,4312
2467,C00120,4308
2468,C18023,4314
2469,C02569,4313
2470,C06593,4314
2471,C01255,4313
2472,C03240,4307
2473,C21430,4314
2474,C04713,4311
2475,C04290,4313
2476,C11453,4314
2477,C06520,4311
2478,C19673,4314
2479,C04773,4312
2480,C05202,4314
2481,C05759,4314
2482,C00693,4314
2483,C20983,4314
2484,C16426,4314
2485,C18333,4313
2486,C00685,4314
2487,C18049,4313
2488,C16593,4311
2489,C20636,4314
2490,C16521,4314
2491,C21506,4312
2492,C22369,4314
2493,C06518,4314
2494,Z00005,4306
2495,C06052,4314
2496,C16424,4314
2497,C02916,4314
2498,C01147,4310
2499,C11457,4314
2500,C17745,4314
2501,C18051,4314
2502,C04226,4314
2503,Z00057,4295
2504,C09654,4314
2505,C12456,4312
2506,C20417,4309
2507,C05744,4314
2508,C09816,4314
2509,C19848,4288
2510,C21835,4312
2511,C21784,4314
2512,C05847,4290
2513,C09823,4313
2514,C06076,4314
2515,C09839,4314
2516,C11388,4314
2517,C21512,4312
2518,C02344,4313
2519,C15806,4314
2520,C18234,4314
2521,C06074,4314
2522,C20242,4314
2523,C00996,4102
2524,C03161,4261
2525,C18237,4311
2526,C20235,4313
2527,C03024,4261
2528,C09871,4314
2529,C17883,4314
2530,C16594,4312
2531,C06306,4314
2532,C21446,4314
2533,C01071,4314
2534,C16427,4312
2535,C21445,4314
2536,C09898,4314
2537,C06308,4314
2538,C03190,4310
2539,C16159,4314
2540,C22204,4313
2541,C21448,4314
2542,C01772,4311
2543,C07083,4306
2544,C05552,4312
2545,C18331,4314
2546,C21284,4314
2547,C20244,4314
2548,C05784,4314
2549,C01070,4314
2550,C01894,4314
2551,C22338,4313
2552,C16470,4314
2553,C20372,4314
2554,C05785,4314
2555,C02105,4299
2556,C11389,4314
2557,C05783,4314
2558,C04688,4314
2559,C15804,4314
2560,C21630,4312
2561,C06224,4314
2562,C09900,4314
2563,C21603,4314
2564,Z00031,4297
2565,C20410,4314
2566,C21312,4313
2567,C06305,4314
2568,C18328,4314
2569,C19736,4314
2570,C20386,4314
2571,C11540,4256
2572,C19818,4314
2573,C19737,4314
2574,C18061,4314
2575,C11393,4314
2576,C20988,4314
2577,C05848,4298
2578,C00448,3013
2579,C16826,4312
2580,C19847,4308
2581,C02462,4314
2582,C01467,4314
2583,C12313,4314
2584,C04536,3333
2585,C04145,4311
2586,C06307,4314
2587,C00999,4102
2588,C05276,4314
2589,C03739,4314
2590,C17220,4305
2591,C11382,4314
2592,C00126,4311
2593,C20486,4314
2594,C01500,4313
2595,C22173,4314
2596,C11994,4311
2597,C06021,4312
2598,C18131,4314
2599,C04180,4313
2600,C18008,4313
2601,C15807,4314
2602,C18334,4314
2603,C00027,4176
2604,C20664,4314
2605,C01893,4314
2606,Z00059,4314
2607,C20406,4310
2608,C09822,4314
2609,C01108,4314
2610,C04619,4314
2611,Z00010,4162
2612,C06075,4314
2613,C20230,4312
2614,C00521,4309
2615,C01271,4308
2616,C09873,4314
2617,C04618,4314
2618,C16417,4313
2619,C05627,4314
2620,C21702,4314
2621,C11998,4311
2622,C04043,4314
2623,C09902,4314
2624,C06304,4314
2625,C19735,4314
2626,C20378,4310
2627,C01010,4307
2628,C06099,4312
2629,C09844,4314
2630,C20241,4314
2631,C21203,4314
2632,C21447,4314
2633,C18233,4314
2634,C00125,4311
2635,C00924,4313
2636,C17592,4311
2637,C04083,4313
2638,C20275,4314
2639,C05986,4314
2640,C04216,4308
2641,C20243,4314
2642,C20811,4314
2643,C22085,4308
2644,C22203,4314
2645,C19743,4313
2646,C20274,4314
2647,C16466,4314
2648,C20480,4314
2649,C16269,4311
2650,C05753,4314
2651,C01548,4314
2652,C21629,4314
2653,C09629,4314
2654,C20184,4314
2655,C06250,4313
2656,C00366,4311
2657,C20180,4314
2658,C01126,4310
2659,C01001,4313
2660,C20177,4314
2661,C21486,4314
2662,C19754,4314
2663,C01093,4314
2664,C21693,4314
2665,C19741,4314
2666,C00751,4160
2667,C16775,4310
2668,C09718,4314
2669,C21660,4314
2670,C09648,4314
2671,C19747,4314
2672,C21684,4314
2673,C01230,4308
2674,MeCobamineCofactor,4314
2675,C22044,4314
2676,C18321,4314
2677,C21680,4309
2678,C22339,4314
2679,C20179,4314
2680,C21707,4314
2681,C21710,4314
2682,C09666,4314
2683,C20178,4314
2684,C16142,4314
2685,C09665,4314
2686,C01841,4304
2687,C20937,4314
2688,C00088,4313
2689,C17432,4314
2690,C09639,4314
2691,C20804,4314
2692,C16242,4258
2693,C22272,4314
2694,C01944,4147
2695,C20172,4314
2696,C20175,4314
2697,C21705,4314
2698,C00353,3205
2699,C01765,4311
2700,C22043,4314
2701,C05807,4314
2702,C20794,4314
2703,C19734,4314
2704,C16814,4314
2705,C21698,4314
2706,C20373,4314
2707,C09704,4313
2708,C21676,4314
2709,C19746,4314
2710,C21689,4314
2711,C09847,4314
2712,C20479,4314
2713,C21700,4314
2714,C02452,4311
2715,C17222,4306
2716,C21681,4314
2717,C20162,4314
2718,C16075,4306
2719,C19740,4314
2720,C06111,4314
2721,C01104,4314
2722,C17467,4314
2723,C19738,4314
2724,C19753,4314
2725,C20159,4314
2726,C09723,4314
2727,C21485,4314
2728,C05102,4314
2729,C09699,4314
2730,C19708,4314
2731,C09663,4314
2732,C05158,4312
2733,C19744,4314
2734,C21694,4314
2735,C05819,4309
2736,C21685,4314
2737,C21491,4314
2738,C20161,4314
2739,C04628,4313
2740,C20801,4314
2741,C21686,4314
2742,C21695,4314
2743,C01860,4314
2744,C20478,4314
2745,C21679,4314
2746,C16143,4314
2747,C04146,4310
2748,C20182,4314
2749,C20273,4314
2750,C03115,4314
2751,C00923,4314
2752,C16390,4314
2753,C19973,4313
2754,C21313,4314
2755,C20233,4314
2756,C16144,4310
2757,C02004,4314
2758,C20712,4314
2759,C15672,4311
2760,Z00012,4314
2761,C19755,4314
2762,C11539,4314
2763,C04246,4314
2764,C19893,4314
2765,C19748,4314
2766,C18245,4314
2767,C22302,4314
2768,C19749,4314
2769,C21690,4314
2770,C20272,4314
2771,C03985,4314
2772,C16829,4314
2773,C04574,4285
2774,C19871,4314
2775,C03428,4310
2776,C07111,4310
2777,C11387,4314
2778,C00533,4313
2779,C19756,4314
2780,C16028,4314
2781,C20477,4314
2782,C20181,4314
2783,C20377,4311
2784,C00887,4313
2785,C01499,4314
2786,C05777,4314
2787,C11356,4308
2788,C16141,4314
2789,C20476,4314
2790,C09684,4314
2791,C20173,4314
2792,C16776,4314
2793,C05770,4314
2794,C09750,4314
2795,C22174,4314
2796,C22048,4314
2797,C20163,4314
2798,C19908,4314
2799,C21708,4314
2800,C22209,4313
2801,C20576,4314
2802,C22045,4314
2803,C20174,4314
2804,C19619,4314
2805,C03885,4314
2806,C16286,4314
2807,C17277,4314
2808,C06020,4314
2809,C01161,4314
2810,C12142,4314
2811,C19861,4314
2812,C20121,4314
2813,C09541,4314
2814,C06394,4314
2815,C01371,4294
2816,C21677,4314
2817,C09664,4314
2818,C20724,4314
2819,C09672,4314
2820,C21631,4313
2821,C21715,4314
2822,C19742,4314
2823,C10641,4307
2824,C06310,4311
2825,C21670,4314
2826,C21706,4314
2827,C17435,4309
2828,C20155,4314
2829,C21672,4310
2830,C17223,4307
2831,C19974,4314
2832,C19816,4314
2833,C04419,4314
2834,C20432,4311
2835,C21717,4314
2836,C11901,4303
2837,C04590,4311
2838,C05839,4313
2839,C19714,4311
2840,C19935,4314
2841,C01414,4314
2842,C16243,4259
2843,C20923,4314
2844,C19840,4314
2845,C00609,4295
2846,C21688,4314
2847,C22108,4314
2848,C07330,4312
2849,C21765,4314
2850,C02576,4312
2851,C22208,4314
2852,C21718,4314
2853,C09183,4314
2854,C03427,4314
2855,C19815,4313
2856,C16461,4314
2857,C09140,4314
2858,C20922,4314
2859,C04832,4314
2860,C21656,4313
2861,C09094,4314
2862,C21661,4314
2863,C05513,4314
2864,C05413,4314
2865,C05421,4301
2866,C21727,4313
2867,C04675,4314
2868,C01804,4314
2869,Z00007,4314
2870,C22084,4309
2871,C05809,4311
2872,C00244,4314
2873,C06084,4314
2874,C21658,4313
2875,C19836,4313
2876,C13425,4310
2877,C05752,4309
2878,C20834,4312
2879,Z00050,4314
2880,C20525,4290
2881,C20681,4313
2882,C20412,4314
2883,C16145,4314
2884,C20158,4314
2885,C21735,4314
2886,C21687,4314
2887,C22055,4314
2888,C00828,4310
2889,C18229,4314
2890,C22340,4312
2891,C20411,4314
2892,C22109,4314
2893,C07112,4314
2894,C19834,4314
2895,C03461,4312
2896,C11338,4314
2897,C11902,4307
2898,C21726,4314
2899,C22052,4314
2900,C04217,4308
2901,C01274,4314
2902,C20924,4314
2903,C22160,4313
2904,C20270,4312
2905,C19752,4311
2906,C21116,4314
2907,C00808,4313
2908,C22110,4314
2909,C19852,4314
2910,C05745,4314
2911,C05265,4148
2912,C17439,4314
2913,C03220,4314
2914,C06089,4296
2915,C02930,4314
2916,C11481,4312
2917,C20376,4312
2918,C21654,4312
2919,C15670,4312
2920,C06083,4314
2921,C01438,4314
2922,C05178,4312
2923,C06547,4314
2924,C05582,4314
2925,C19797,4314
2926,C11894,4314
2927,C20276,4313
2928,C05427,3346
2929,C06309,4314
2930,C17556,4286
2931,C06516,4314
2932,C06555,4314
2933,C19841,4314
2934,C21714,4314
2935,C18211,4314
2936,C19817,4314
2937,C22008,4312
2938,C21728,4314
2939,C15973,4314
2940,C11877,4311
2941,C19814,4314
2942,C17224,4308
2943,C21711,4314
2944,C21673,4314
2945,C06554,4311
2946,C04507,4311
2947,C06676,4313
2948,C05751,4310
2949,C01289,4304
2950,C22341,4313
2951,C20683,4314
2952,C06423,4314
2953,C20433,4314
2954,C22159,4314
2955,C21725,4314
2956,C20185,4314
2957,C18228,4314
2958,C11879,4314
2959,C00347,4301
2960,C06086,4314
2961,C15867,4311
2962,C09555,4314
2963,C21716,4314
2964,C05264,4149
2965,C20434,4314
2966,C13309,3355
2967,C20423,4314
2968,C17434,4310
2969,C18226,4310
2970,C05432,4222
2971,C20145,4313
2972,C11880,4314
2973,C04638,4312
2974,C11881,4314
2975,C06090,4314
2976,C19810,4314
2977,C21720,4314
2978,C05897,4313
2979,C15857,4312
2980,C20481,4314
2981,C21703,4314
2982,C18224,4314
2983,C11878,4314
2984,C20475,4314
2985,C16465,4314
2986,C11542,4260
2987,C18223,4314
2988,C20620,4310
2989,C22027,4314
2990,C18225,4313
2991,C16818,4314
2992,C22329,4313
2993,C20435,4314
2994,C11924,4313
2995,C22319,4314
2996,C17558,4314
2997,C05430,4314
2998,C11890,4313
2999,C19772,4314
3000,C21729,4314
3001,C21709,4314
3002,C01291,4314
3003,C20711,4313
3004,C05414,4314
3005,C05838,4314
3006,C17440,4314
3007,C05810,4312
3008,C21675,4314
3009,C04851,4311
3010,C16502,4313
3011,C20375,4313
3012,C21653,4313
3013,C05746,4314
3014,C05581,4314
3015,C21701,4314
3016,C21117,4312
3017,C05431,4305
3018,C15892,4308
3019,C15858,4314
3020,C15977,4314
3021,C17959,4312
3022,C22328,4314
3023,C19795,4301
3024,C01920,4314
3025,C04830,4314
3026,C11929,4314
3027,C00339,4304
3028,C21084,3356
3029,C20374,4314
3030,C02972,4314
3031,C02094,4255
3032,C05434,4313
3033,C15975,4314
3034,C20518,4314
3035,C05747,4314
3036,C11541,4314
3037,C14146,4314
3038,C04080,4314
3039,C06088,4314
3040,C21118,4313
3041,C17436,4311
3042,C04305,4314
3043,C22056,4313
3044,C16255,4314
3045,C19764,4314
3046,C16503,4314
3047,C20618,4314
3048,C21425,4314
3049,C20617,4314
3050,C05893,4312
3051,C21800,4314
3052,C20497,4313
3053,C11543,4262
3054,C22058,4309
3055,C08586,4311
3056,C20619,4314
3057,C21780,4313
3058,C08613,4312
3059,C05898,4314
3060,C21018,4314
3061,C04620,4311
3062,C21493,4314
3063,C16254,4314
3064,C15972,4311
3065,C20621,4311
3066,C04881,4314
3067,C05275,4150
3068,C05435,4305
3069,C08734,4312
3070,C00638,4311
3071,C17226,4309
3072,C22342,4314
3073,C06675,4314
3074,C15979,4314
3075,C21674,4314
3076,C18059,4314
3077,C16340,4314
3078,C16241,4314
3079,C21123,4314
3080,C05274,4151
3081,C21781,4314
3082,C15908,4312
3083,C15910,4314
3084,C17227,4310
3085,C21763,4314
3086,C11545,4264
3087,C03313,3357
3088,C22161,4313
3089,C03129,4305
3090,C15898,4310
3091,C01242,4314
3092,C20484,4311
3093,C16238,4314
3094,C16291,4314
3095,C16276,4314
3096,C16244,4314
3097,C15895,4314
3098,C15907,4314
3099,C02051,4314
3100,C03715,4305
3101,C15886,4312
3102,C20498,4314
3103,C16270,4313
3104,C15874,4308
3105,C15943,4314
3106,C22083,4314
3107,C04202,4314
3108,C05750,4312
3109,C22059,4310
3110,C17437,4312
3111,C22057,4314
3112,C05433,4313
3113,C08733,4313
3114,C19894,4314
3115,C05894,4314
3116,C04724,4313
3117,C15859,4311
3118,C20622,4312
3119,C22060,4311
3120,C02147,4314
3121,C20625,4313
3122,C15911,4313
3123,C17438,4313
3124,C04808,4314
3125,C02059,3358
3126,C02446,4314
3127,C17228,4311
3128,C15860,4313
3129,C05263,4152
3130,C15877,4309
3131,C05749,4313
3132,C16271,4314
3133,C15887,4313
3134,C15900,4311
3135,C03968,4308
3136,C08737,4314
3137,C15861,4314
3138,C05773,4265
3139,C04476,4314
3140,C04509,4314
3141,C16347,4314
3142,C17230,4312
3143,C05262,4153
3144,C15914,4314
3145,C02773,4314
3146,C06504,4267
3147,C20626,4314
3148,C01264,4314
3149,C15902,4314
3150,C15888,4314
3151,C19724,4314
3152,C05748,4314
3153,C00007,3359
3154,C22347,4312
3155,C15878,4310
3156,C03088,4313
3157,C21826,4314
3158,C11962,4312
3159,C04634,4314
3160,C03004,4314
3161,C22009,4313
3162,C06178,4307
3163,C00628,4310
3164,C17554,4314
3165,C22354,4314
3166,C01054,4171
3167,C00822,4301
3168,C03198,4313
3169,C21794,4314
3170,C00643,4293
3171,C11500,4314
3172,C10974,4314
3173,C16409,4314
3174,C05165,4313
3175,C11501,4314
3176,C01514,4304
3177,C22343,4314
3178,C08576,4314
3179,C02674,4314
3180,C17755,4312
3181,C11588,4314
3182,C02372,4314
3183,C20310,4314
3184,C06505,4314
3185,C02213,4313
3186,C20993,4314
3187,C21619,4314
3188,C12622,4314
3189,C20850,4314
3190,C05856,4314
3191,C03861,4314
3192,C02351,4314
3193,C21843,4314
3194,C01378,4313
3195,C18473,4313
3196,C06318,4314
3197,C03666,4314
3198,C02700,4298
3199,C20739,4314
3200,C04796,4314
3201,C22300,4313
3202,C05133,4312
3203,C09826,4312
3204,C06506,4272
3205,C11995,4314
3206,C20802,4314
3207,C07189,4314
3208,C04592,4314
3209,C21762,4309
3210,C05827,4313
3211,C02779,4314
3212,C16828,4314
3213,C20700,4314
3214,C05200,4311
3215,C20807,4314
3216,C08577,4314
3217,C20256,4313
3218,C18009,4314
3219,C05811,4313
3220,C22349,4314
3221,C06657,4309
3222,C07345,4314
3223,C12457,4313
3224,C06503,4312
3225,C11527,4314
3226,C16359,4314
3227,C19716,4314
3228,C20805,4313
3229,C08591,4314
3230,C01993,4314
3231,C20351,4314
3232,C05852,4313
3233,C06732,4314
3234,C11996,4314
3235,C21827,4312
3236,C12325,4313
3237,C21252,4314
3238,C15879,4311
3239,C17583,4314
3240,C22314,4314
3241,C17237,4311
3242,C15500,4313
3243,C16432,4314
3244,C04044,4313
3245,C03671,4314
3246,C06321,4314
3247,C21893,4310
3248,C21795,4314
3249,C05834,4314
3250,C03574,4314
3251,C00530,4311
3252,C20695,4312
3253,C00376,4297
3254,C00519,4314
3255,C07271,4314
3256,C12314,4314
3257,C11990,4310
3258,C01059,4314
3259,C05842,4314
3260,C16357,4314
3261,C00722,4314
3262,C01028,4311
3263,C17954,4314
3264,C21825,4314
3265,C06316,4314
3266,C16410,4314
3267,C19712,4314
3268,C21065,4314
3269,C15905,4314
3270,C21256,4314
3271,C00974,4292
3272,C01542,4314
3273,C08590,4314
3274,C20995,4314
3275,C06533,4314
3276,C21831,4314
3277,C20396,4313
3278,C01163,4312
3279,C19938,4305
3280,C02814,4312
3281,C10028,4314
3282,C21903,4313
3283,C20254,4314
3284,C21348,4314
3285,C00547,4305
3286,C21724,4314
3287,C15683,4308
3288,C02106,4307
3289,C11954,4312
3290,C20741,4314
3291,C07084,4312
3292,C03196,4314
3293,C06455,4305
3294,C22012,4313
3295,C21891,4314
3296,C17953,4314
3297,C12287,4308
3298,C00988,4314
3299,C22169,4311
3300,C20330,4314
3301,C22070,4311
3302,C17255,4314
3303,C05658,4311
3304,C05843,4314
3305,C04366,4314
3306,C21081,4314
3307,C00544,4298
3308,C01215,4314
3309,C21803,4314
3310,C17551,4314
3311,C06098,4285
3312,C22146,4311
3313,C21332,4313
3314,C21978,4313
3315,C21954,4311
3316,C19892,4313
3317,C21459,4314
3318,C15502,4314
3319,C05565,4313
3320,C20994,4311
3321,C16355,4314
3322,C21758,4314
3323,C21079,4314
3324,C20322,4314
3325,C15903,4314
3326,C04797,4314
3327,C17262,4314
3328,C06635,4308
3329,C22202,4314
3330,C06730,4309
3331,C12368,4314
3332,C20760,4309
3333,C01477,4304
3334,C16360,4314
3335,C20313,4314
3336,C03241,4314
3337,C17955,4314
3338,C11829,4314
3339,C20857,4312
3340,C21329,4314
3341,C20526,4291
3342,C03269,4314
3343,C21263,4312
3344,C21805,4311
3345,C21723,4314
3346,C20631,4314
3347,C16232,4314
3348,C03221,4154
3349,C01617,4295
3350,C06727,4312
3351,C03820,4312
3352,C11999,4314
3353,C00500,4303
3354,C19721,4314
3355,C01592,4313
3356,C00632,4303
3357,C19081,4314
3358,C00606,4312
3359,C17349,4314
3360,C20692,4312
3361,C22011,4314
3362,C16518,4312
3363,C20740,4314
3364,C01133,4313
3365,C21625,4314
3366,C04690,4313
3367,C17204,4314
3368,C17758,4303
3369,C15523,4314
3370,C21251,4314
3371,C20231,4313
3372,C11143,4311
3373,C12623,4313
3374,C21622,4313
3375,C00704,4313
3376,C10784,4313
3377,C17231,4313
3378,C09751,4313
3379,C21620,4313
3380,C02923,4313
3381,C21894,4314
3382,C05557,4303
3383,C03230,4314
3384,C01015,4314
3385,C21411,4302
3386,C11631,4314
3387,C21124,4312
3388,C03410,4314
3389,C21560,4312
3390,C21369,4314
3391,C20701,4312
3392,C06669,4313
3393,C20232,4313
3394,C17203,4314
3395,C21624,4314
3396,C22348,4314
3397,C11821,4314
3398,C12123,4314
3399,C21890,4314
3400,C21623,4314
3401,C21886,4314
3402,C21330,4308
3403,C02892,4314
3404,C22166,4314
3405,C21333,4314
3406,C07103,4314
3407,C05653,4314
3408,C21777,4314
3409,C21837,4311
3410,C03052,4314
3411,C05640,4314
3412,C22171,4313
3413,C08607,4314
3414,C20255,4314
3415,C17559,4314
3416,C22301,4314
3417,C14604,4314
3418,C08637,4314
3419,C22010,4314
3420,C08481,4314
3421,C15881,4312
3422,C00745,4313
3423,C19863,4314
3424,C06507,4273
3425,C20841,4313
3426,C04118,4308
3427,C20693,4313
3428,C00389,4308
3429,C19819,4312
3430,C02167,4311
3431,C00825,4313
3432,C01441,4301
3433,C15501,4314
3434,C21646,4312
3435,C04608,4310
3436,C12631,4314
3437,C11955,4313
3438,C07578,4314
3439,C18472,4314
3440,C17232,4314
3441,C20250,4314
3442,C00472,4312
3443,C22013,4314
3444,C19731,4305
3445,C05912,4314
3446,C21413,4304
3447,C21663,4314
3448,C20697,4313
3449,C17552,4303
3450,C19829,4314
3451,C01470,4314
3452,C08626,4314
3453,C08616,4307
3454,C05313,4312
3455,C05918,4313
3456,C06210,4314
3457,C20195,4314
3458,C07085,4313
3459,C21804,4314
3460,C08615,4314
3461,C05585,4314
3462,C05589,4314
3463,C15882,4309
3464,C20187,4314
3465,C05577,4312
3466,C20694,4313
3467,C22170,4314
3468,C00486,4308
3469,C19833,4314
3470,C20894,4314
3471,C01868,4314
3472,C21331,4314
3473,C08538,4304
3474,C17206,4314
3475,C04112,4310
3476,C05604,4303
3477,C20328,4314
3478,C00328,4300
3479,C21412,4314
3480,C11142,4312
3481,C03986,4314
3482,C04598,4313
3483,C05829,4314
3484,C21561,4314
3485,C20249,4314
3486,C06728,4313
3487,C05343,4314
3488,C20817,4314
3489,C03951,4313
3490,C17756,4313
3491,C17570,4313
3492,C00473,4313
3493,C11830,4314
3494,C21125,4313
3495,C15969,4314
3496,C00370,4312
3497,C04479,4314
3498,C10192,4311
3499,C10882,4312
3500,C10044,4314
3501,C20200,4314
3502,C16418,4314
3503,C16516,4313
3504,C02298,4313
3505,C06187,4314
3506,C01822,4313
3507,C19835,4314
3508,C19820,4314
3509,C21563,4314
3510,C06630,4309
3511,C04293,4314
3512,C20350,4313
3513,C20188,4314
3514,C01902,4305
3515,C18195,4313
3516,C17966,4314
3517,C19918,4314
3518,C04409,4314
3519,C12026,4314
3520,C17712,4313
3521,C11991,4311
3522,C01416,4310
3523,C05828,4314
3524,C01987,4312
3525,C04584,4314
3526,C12458,4314
3527,C20193,4314
3528,C06658,4310
3529,C05527,4314
3530,C08628,4314
3531,C00780,4303
3532,C21778,4311
3533,C20194,4314
3534,C01278,4314
3535,C09306,4314
3536,C11963,4313
3537,C06207,4314
3538,C03648,4295
3539,C06972,4314
3540,C05786,4314
3541,C03719,4312
3542,C01724,4305
3543,C06186,4314
3544,C05906,4304
3545,C21979,4314
3546,C03955,4312
3547,C08614,4303
3548,C21141,4310
3549,C21731,4314
3550,C05646,4314
3551,C01714,4312
3552,C20980,4314
3553,C15682,4309
3554,C06399,4313
3555,C08797,4314
3556,C19801,4314
3557,C08063,4314
3558,C18196,4313
3559,C05831,4314
3560,C19730,4308
3561,C19828,4314
3562,C20191,4314
3563,C05812,4314
3564,C20696,4313
3565,C02922,4314
3566,C08579,4313
3567,C22147,4312
3568,C03515,4312
3569,C20737,4309
3570,C16415,4314
3571,C11630,4314
3572,C12002,4310
3573,C16282,4313
3574,C09315,4312
3575,C17935,4314
3576,C00788,4313
3577,C05570,4313
3578,C21829,4314
3579,C21562,4314
3580,C19832,4314
3581,C20189,4314
3582,C09736,4314
3583,C04553,4314
3584,C04106,4314
3585,C21667,4314
3586,C18351,4314
3587,C05903,4313
3588,C20192,4314
3589,C00777,4312
3590,C05551,4311
3591,C17943,4306
3592,C03409,4313
3593,C20527,4292
3594,C22167,4313
3595,C19939,4306
3596,C12624,4314
3597,C08624,4313
3598,C05913,4314
3599,C02110,4309
3600,C02944,4314
3601,C06085,4314
3602,C21828,4314
3603,C01832,4156
3604,C01036,4313
3605,C15602,4309
3606,C05648,4307
3607,C06564,4308
3608,C20422,4314
3609,C08588,4309
3610,C08606,4314
3611,C01717,4308
3612,C04199,4314
3613,C02514,4314
3614,C01044,4314
3615,C21841,4314
3616,C00978,4312
3617,C11964,4314
3618,C01061,4314
3619,C21648,4314
3620,C19807,4314
3621,C20529,4293
3622,C01693,4314
3623,C16284,4314
3624,C11992,4312
3625,C05659,4314
3626,C18083,4314
3627,C07576,4313
3628,C14151,4314
3629,C13433,4313
3630,Z00065,4313
3631,C00899,4312
3632,C01252,4314
3633,C21126,4314
3634,C22172,4314
3635,C21398,4314
3636,C20842,4314
3637,C16491,4314
3638,C05109,4312
3639,C22113,4314
3640,C16680,4314
3641,C20366,4313
3642,C05919,4314
3643,C06524,4314
3644,C03641,4314
3645,C10193,4314
3646,C11455,4309
3647,C21142,4314
3648,C01958,4314
3649,C02954,4312
3650,C02890,4314
3651,C14156,4313
3652,C17754,4314
3653,C11513,4314
3654,C21779,4314
3655,C03824,4312
3656,C07087,4314
3657,C12630,4314
3658,C21253,4314
3659,C20981,4309
3660,C06456,4307
3661,C01795,4312
3662,C04317,4314
3663,C08830,4308
3664,C21254,4314
3665,C21821,4314
3666,C11145,4314
3667,C21647,4314
3668,C08980,4311
3669,C05905,4307
3670,C19858,4304
3671,C05647,4314
3672,C21475,4311
3673,C08543,4313
3674,C10020,4314
3675,C03154,4314
3676,C06659,4311
3677,C02161,4314
3678,C21495,4314
3679,C15681,4310
3680,C12448,4311
3681,C22148,4313
3682,C03227,4309
3683,C00616,4310
3684,C02172,4314
3685,C19759,4314
3686,C05580,4314
3687,C20404,4307
3688,C16517,4314
3689,C12316,4314
3690,C21258,4312
3691,C12627,4314
3692,C16695,4314
3693,C21838,4314
3694,C21840,4314
3695,C05571,4314
3696,C05583,4314
3697,C05588,4314
3698,C17757,4314
3699,C20509,4314
3700,C09320,4314
3701,C11061,4314
3702,C21801,4313
3703,C03112,4310
3704,C04655,4314
3705,C05802,4313
3706,C22168,4314
3707,C21842,4314
3708,C05576,4313
3709,C04529,4314
3710,C20738,4312
3711,C04559,4314
3712,C21140,4312
3713,C19739,4314
3714,C06212,4313
3715,C17055,4314
3716,C01069,4313
3717,C05904,4297
3718,C08584,4314
3719,C05578,4311
3720,C05787,4309
3721,C21839,4314
3722,C10098,4314
3723,C17751,4309
3724,C04524,4314
3725,C08557,4314
3726,C05261,4159
3727,C20333,4313
3728,C22175,4314
3729,C02075,4314
3730,C12632,4313
3731,C06565,4314
3732,C06408,4314
3733,C11956,4314
3734,C08565,4314
3735,C08748,4314
3736,C04558,4312
3737,C15883,4312
3738,C21820,4314
3739,C15603,4311
3740,C15884,4313
3741,C05651,4308
3742,C08585,4314
3743,C07123,4314
3744,C17267,4314
3745,C06508,4314
3746,C05634,4311
3747,C12003,4311
3748,C06509,4275
3749,C18004,4306
3750,C17500,4314
3751,C05437,4309
3752,C00832,4314
3753,C04858,4313
3754,C06562,4314
3755,C06633,4310
3756,C00778,4310
3757,C03281,4314
3758,C05315,4313
3759,C05635,4312
3760,C04525,4310
3761,C03845,4314
3762,C02483,4313
3763,C22136,4314
3764,C21476,4312
3765,C05638,4313
3766,C17945,4308
3767,C10858,4313
3768,C08540,4313
3769,C20403,4308
3770,C19867,4310
3771,C19859,4305
3772,C01598,4313
3773,C22116,4311
3774,C01156,4313
3775,C21259,4313
3776,C02400,4312
3777,C09727,4314
3778,C05108,4310
3779,C14155,4313
3780,C05594,4314
3781,C06510,4276
3782,C04900,4314
3783,C05645,4314
3784,C21874,4313
3785,C20371,4314
3786,C02456,4314
3787,C05584,4314
3788,C06616,4314
3789,C01249,4309
3790,C22149,4314
3791,C05622,4314
3792,C15566,4314
3793,C05636,4313
3794,C17753,4314
3795,C18846,4311
3796,C12137,4299
3797,C18311,4313
3798,C14152,4314
3799,C05110,4313
3800,C05260,4160
3801,C05791,4311
3802,C06660,4312
3803,C01155,4313
3804,C03374,4314
3805,C05309,4314
3806,C17752,4314
3807,C20982,4314
3808,C22114,4313
3809,C00916,4311
3810,C00757,4313
3811,C02153,4314
3812,C05439,4314
3813,C05652,4311
3814,C05579,4313
3815,C05914,4312
3816,C00395,4313
3817,C05801,4314
3818,C19763,4314
3819,C20367,4314
3820,C15497,4314
3821,C08299,4314
3822,C16298,4309
3823,C13431,4313
3824,C15885,4314
3825,C10164,4314
3826,C08312,4314
3827,C02470,4313
3828,C12128,4314
3829,C21802,4314
3830,C01946,4313
3831,C05554,4314
3832,C06653,4314
3833,C13453,4308
3834,C02220,4314
3835,C08983,4314
3836,C00045,4311
3837,C21442,4311
3838,C20530,4294
3839,C14045,4314
3840,C01759,4307
3841,C14154,4314
3842,C14153,4314
3843,C18847,4313
3844,C06367,4309
3845,C05832,4314
3846,C05642,4314
3847,C13454,4314
3848,C11904,4314
3849,C12640,4312
3850,C16368,4314
3851,C21860,4306
3852,C06661,4313
3853,C14044,4314
3854,C18312,4314
3855,C20536,4295
3856,C05111,4314
3857,C15530,4314
3858,C01189,4314
3859,C05273,4161
3860,C11903,4314
3861,C08552,4314
3862,C08537,4313
3863,C03898,4314
3864,C08639,4310
3865,C13455,4314
3866,C04712,4312
3867,C17587,4310
3868,C12642,4313
3869,C17937,4314
3870,C12449,4314
3871,C00194,4314
3872,C19869,4314
3873,C11818,4314
3874,C16297,4314
3875,C03796,4314
3876,C05915,4313
3877,C19868,4314
3878,C05107,4314
3879,C22115,4314
3880,C15808,4312
3881,C21176,4313
3882,C00397,4314
3883,C03897,4314
3884,C05663,4314
3885,C22112,4314
3886,C18845,4314
3887,C06567,4314
3888,C16305,4314
3889,C12644,4313
3890,C05637,4314
3891,C08725,4312
3892,C22121,4312
3893,C05790,4313
3894,C05795,4314
3895,C05660,4314
3896,C15777,4311
3897,C21295,4313
3898,C15915,4314
3899,C05830,4314
3900,C20400,4309
3901,C20489,4313
3902,C01111,4310
3903,C21153,4314
3904,C01912,4313
3905,C21477,4314
3906,C02477,4314
3907,C17266,4314
3908,C19865,4314
3909,C00744,4313
3910,C21875,4314
3911,C05639,4314
3912,C06368,4311
3913,C20399,4311
3914,C15780,4314
3915,C17584,4314
3916,C12645,4314
3917,C17588,4311
3918,C02141,4313
3919,C16371,4314
3920,C06662,4314
3921,C05641,4311
3922,C20402,4314
3923,C01748,4314
3924,C15666,4313
3925,C01457,4314
3926,C16288,4314
3927,C12641,4313
3928,C15816,4313
3929,C08542,4314
3930,C20586,4313
3931,C00390,4307
3932,Z00009,4279
3933,C16372,4314
3934,C16349,4314
3935,C01164,4303
3936,C02593,4162
3937,C05794,4314
3938,C20542,4307
3939,C17513,4313
3940,C17946,4314
3941,C05916,4314
3942,C12096,4313
3943,C22122,4313
3944,C20492,4314
3945,C16350,4314
3946,C06082,4313
3947,C15680,4314
3948,C15778,4314
3949,C06634,4314
3950,C20587,4314
3951,C12647,4314
3952,C00187,4273
3953,C05440,4312
3954,C17589,4312
3955,C05161,4313
3956,C18324,4314
3957,C15970,4314
3958,C11831,4289
3959,C16509,4307
3960,C22119,4314
3961,Z00049,4314
3962,C05103,4314
3963,C22217,4312
3964,C05259,4165
3965,C17947,4312
3966,C05656,4312
3967,C08589,4314
3968,C20543,4308
3969,C01943,4314
3970,C05443,4312
3971,C06736,4314
3972,C20528,4314
3973,C21287,4314
3974,C20398,4314
3975,C06737,4314
3976,C02486,4314
3977,C07756,4314
3978,C16831,4314
3979,C20397,4313
3980,C16299,4314
3981,C00399,4309
3982,C15992,4314
3983,C11832,4313
3984,C18043,4314
3985,C20532,4314
3986,C05654,4313
3987,C20534,4307
3988,C02530,4314
3989,C20545,4310
3990,C01561,4313
3991,C02880,4314
3992,C21372,4313
3993,C05258,4166
3994,C05825,4314
3995,C05418,4314
3996,C01694,4313
3997,C03855,4314
3998,C01802,4303
3999,C16498,4308
4000,C06452,4313
4001,C00599,4280
4002,C15652,4313
4003,C20407,4314
4004,C16361,4310
4005,C15781,4305
4006,C20143,4313
4007,C21144,4314
4008,C20839,4314
4009,C05425,4314
4010,C06454,4314
4011,C20535,4308
4012,C21076,4289
4013,C01673,4314
4014,C16497,4309
4015,C05272,4167
4016,C03238,4314
4017,C05655,4314
4018,C05441,4314
4019,C20594,4314
4020,C17948,4314
4021,C20546,4312
4022,C02139,4293
4023,C01737,4314
4024,C03910,4314
4025,C21303,4313
4026,C22325,4314
4027,C03091,4314
4028,C16362,4312
4029,C21441,4314
4030,C16540,4313
4031,C20840,4314
4032,C21305,4314
4033,C20552,4314
4034,C21106,4313
4035,C20531,4309
4036,C00154,4168
4037,C18152,4314
4038,C18021,4309
4039,C18157,4311
4040,C20595,4314
4041,C00280,4291
4042,C05306,4310
4043,C16364,4313
4044,C01789,4308
4045,C21304,4314
4046,C16363,4313
4047,C02513,4310
4048,C00674,4311
4049,C21072,4312
4050,C01227,4311
4051,C11850,4314
4052,C22176,4314
4053,C02934,4313
4054,C16496,4314
4055,C21192,4314
4056,C03772,4312
4057,C15784,4312
4058,C20553,4312
4059,C16216,4239
4060,C05764,4309
4061,C16541,4314
4062,C18064,4314
4063,C20252,4314
4064,C00249,4311
4065,C20997,4314
4066,C18151,4314
4067,C01389,4313
4068,C00517,4313
4069,C15795,4314
4070,C05307,4314
4071,C05797,4314
4072,C21943,4314
4073,C18022,4313
4074,Z00058,4314
4075,C00477,4312
4076,C04676,4314
4077,C21427,4312
4078,C20996,4314
4079,C18063,4314
4080,C03455,4313
4081,C00535,4308
4082,C08813,4314
4083,C13782,4313
4084,C20144,4313
4085,C02588,4314
4086,C15785,4313
4087,C05763,4310
4088,C16499,4314
4089,C00523,4313
4090,C06412,4314
4091,C00823,4314
4092,C20554,4313
4093,C06121,4314
4094,C15796,4314
4095,C20561,4314
4096,C06123,4314
4097,C05293,4314
4098,C16217,4240
4099,C02681,4314
4100,C01948,4314
4101,C16219,4314
4102,C04373,4313
4103,C21000,4313
4104,C22135,4314
4105,C03917,4312
4106,C04295,4314
4107,C20764,4314
4108,C00836,4309
4109,C05139,4313
4110,C03889,4314
4111,C04555,4314
4112,C07635,4314
4113,C11134,4314
4114,C21428,4313
4115,C18098,4314
4116,C01120,4314
4117,C21296,4314
4118,C14909,4314
4119,C04633,4311
4120,C16218,4241
4121,C15786,4314
4122,C15797,4314
4123,C06124,4314
4124,C11135,4314
4125,C21429,4314
4126,C21528,4314
4127,C11136,4314
4128,C05140,4314
4129,C12126,4313
4130,C16220,4314
4131,C03852,4314
4132,C00319,4281
4133,C12144,4314
4134,C12525,4314
4135,C20555,4314
4136,C01747,4313
4137,C05762,4312
4138,C00195,4284
4139,C12145,4313
4140,C00412,4242
4141,C21021,4314
4142,C22177,4314
4143,C02744,4314
4144,C02960,4314
4145,C02686,4310
4146,C06062,4314
4147,C05761,4313
4148,C21020,4314
4149,C01530,4311
4150,C02041,4312
4151,C21394,4314
4152,C01190,4294
4153,C00510,4252
4154,C05681,4314
4155,C00550,4314
4156,C02050,4259
4157,C21393,4314
4158,C05760,4314
4159,C21935,4314
4160,C00712,4310
4161,C01290,4295
4162,C06425,4314
4163,C06125,4314
4164,C06128,4314
4165,C06126,4313
4166,C22132,4314
4167,C04088,4313
4168,C03195,4314
4169,C01203,4314
4170,C20702,4314
4171,C01595,4299
4172,C06135,4313
4173,C16162,4278
4174,C06127,4314
4175,C19670,4314
4176,C16221,4314
4177,C04737,4312
4178,C04730,4313
4179,C03035,4313
4180,C04845,4306
4181,C04910,4310
4182,C16163,4314
4183,C06136,4314
4184,C06426,4314
4185,C14826,4313
4186,C14831,4312
4187,C04056,4314
4188,C06427,4280
4189,C03272,4313
4190,C04922,4312
4191,C04924,4314
4192,C20703,4314
4193,C14825,4313
4194,C19937,4314
4195,C04884,4312
4196,C07338,4314
4197,C04717,4314
4198,C14827,4313
4199,C07289,4314
4200,C04925,4314
4201,C14828,4314
4202,C14829,4314
4203,C16321,4309
4204,C04911,4313
4205,C04938,4314
4206,C04785,4289
4207,C07354,4314
4208,C04939,4314
4209,C20704,4314
4210,C19827,4314
4211,C06129,4314
4212,C20186,4314
4213,C06131,4313
4214,C19936,4314
4215,C16320,4314
4216,C06132,4314
4217,C16322,4313
4218,C04927,4314
4219,C16311,4310
4220,C16319,4314
4221,C16310,4310
4222,C16323,4313
4223,C04672,4296
4224,C06130,4314
4225,C16324,4313
4226,C16309,4314
4227,C16325,4314
4228,C08492,4313
4229,C01226,4299
4230,C21923,4313
4231,C04780,4300
4232,C19757,4314
4233,C21924,4314
4234,C16327,4301
4235,C16328,4302
4236,C16329,4303
4237,C16330,4304
4238,C16331,4305
4239,C16332,4306
4240,C16333,4307
4241,C16334,4308
4242,C16335,4309
4243,C16336,4310
4244,C16337,4311
4245,C16338,4312
4246,C16339,4313
4247,C16317,4314
